"course_id","operator","requisite_course_id_1","requisite_course_id_2"
"PSYCH 100B","AND","PSYCH 100A",""
"ASTR 115","AND","MATH 33A",""
"HIST 96W","OR","English as A Second Language 36","Satisfaction on Entry-Level Writing Requirement"
"FRNCH 5","AND","FRNCH 4",""
"ENGL 182B","AND","ENGL 10B",""
"FRNCH 2","AND","FRNCH 1",""
"COMM ST 188SB","AND","COMM ST 188SA",""
"EE BIOL 151B","AND","LIFESCI 1",""
"ITALIAN 100","AND","ITALIAN 6",""
"EE BIOL 100L","AND","LIFESCI 1",""
"PSYCH 137C","AND","PSYCH 10",""
"MGMT 231E","AND","MGMT 403",""
"JAPAN 154","OR","ENGCOMP 3","English as A Second Language 36"
"POL SCI M105","AND","ECON 11",""
"MIMG 102","AND","LIFESCI 3",""
"ENGL 180R","AND","ENGL 10C",""
"MUSC 106B","AND","MUSC 120C",""
"ANTHRO C144","OR","ANTHRO 33","AM IND 10"
"PSYCH 118","AND","PSYCH 115",""
"EE BIOL 153","AND","CHEM 20L",""
"MATH 170A","AND","MATH 32B",""
"AN N EA 10W","OR","ENGCOMP 3","Satisfaction on Entry-Level Writing Requirement"
"ENGL M105B","OR","English as A Second Language 36","Satisfaction on Entry-Level Writing Requirement"
"PSYCH 194A","AND","PSYCH 195A",""
"BIOENGR C185","AND","CHEM 20B",""
"ENGL 140A","AND","ENGL 10B",""
"PORTGSE 26","OR","PORTGSE 3","PORTGSE 11B"
"PHYSICS 87","OR","PHYSICS 6C","PHYSICS 1A"
"DESMA 157","AND","Design / Media Arts 28",""
"COM SCI 188SB","AND","COM SCI 188SA",""
"CHEM C215B","AND","CHEM 113A",""
"LATIN 3","OR","LATIN 2","LATIN 14"
"ECON 141","AND","MATH 32A",""
"SPAN 135","AND","SPAN 25",""
"STATS 140SL","AND","STATS 100B",""
"PSYCH 120B","AND","PSYCH 10",""
"PHYSCI 187A","AND","NEUROSC M101B",""
"SPAN M155A","OR","SPAN 25","SPAN 27"
"THEATER C163D","AND","THEATER 163A",""
"THEATER C404I","AND","THEATER 14C",""
"FRNCH 4","AND","FRNCH 3",""
"CHEM 14C","AND","CHEM 14B",""
"PHYSICS 17","AND","PHYSICS 1B",""
"STATS 100A","AND","MATH 33A",""
"GE CLST 70B","AND","GE CLST 70A",""
"DIS STD 198A","OR","DIS STD 101","DIS STD 101W"
"FILM TV 410E","AND","FILM TV 401",""
"ITALIAN 4","AND","ITALIAN 3",""
"EDUC M190SL","AND","EDUC M104",""
"NURSING 171","AND","NURSING 161",""
"SOCIOL 289A","AND","SOCIOL 244B",""
"COM SCI 112","OR","EL ENGR 131A","MATH 170A"
"PHILOS C127A","AND","PHILOS 31",""
"PHYSICS 17","AND","MATH 32A",""
"SPAN 160","AND","SPAN 25",""
"CH ENGR 107","OR","CH ENGR 103","CH ENGR C125"
"STATS M171","OR","STATS 12","STATS 13"
"CHICANO M105B","OR","English as A Second Language 36","Satisfaction on Entry-Level Writing Requirement"
"ECON 170","AND","ECON 101",""
"EL ENGR 113DA","AND","EL ENGR 113",""
"A&O SCI 145","AND","PHYSICS 1A",""
"MCD BIO CM156","AND","LIFESCI 3",""
"PSYCH 131","OR","PSYCH 133A","PSYCH 133B"
"PHYSCI CM227","AND","PHYSCI 111B",""
"PSYCH 100A","OR","MATH 2","STATS 10"
"EL ENGR 121B","AND","EL ENGR 2",""
"FILM TV 283B","AND","FILM TV 283A",""
"NEUROSC M101B","OR","NEUROSC M101A","PSYCH 115"
"EPIDEM M211","AND","EPIDEM 200C",""
"NURSING 208","AND","NURSING 206",""
"A&O SCI 145","OR","PHYSICS 1C","PHYSICS 6A"
"MECH&AE 103","AND","MATH 33A",""
"CHEM C165","AND","CHEM 153A",""
"ECON 141","OR","MATH 170A","STATS 100A"
"PHYSICS 1C","AND","PHYSICS 1B",""
"PSYCH 101","AND","PSYCH 100B",""
"C&EE 142","AND","C&EE 135A",""
"ENGL 188SB","AND","HNRS 101E",""
"ENGL 139","OR","English as A Second Language 36","Satisfaction on Entry-Level Writing Requirement"
"FILM TV 52","AND","FILM TV 1A",""
"CHEM 153D","AND","CHEM 153A",""
"PHYSICS 87","AND","LIFESCI 1",""
"MATH 172B","AND","STATS 100B",""
"CHEM 114","OR","CHEM 110B","CHEM C113B"
"ENGL 145","AND","ENGL 10A",""
"ENGL 127","AND","ENGL 10B",""
"EPS SCI 103A","AND","Earth and Space Sciences 51",""
"IL AMER M15B","AND","Indigenous Languages of the Americas M15A",""
"COM LIT 2DW","OR","English as A Second Language 36","Satisfaction on Entry-Level Writing Requirement"
"LIFESCI 192B","AND","LIFESCI 23L",""
"CHIN 5A","AND","CHIN 4A",""
"STATS 201B","AND","STATS 200A",""
"BIOENGR C185","AND","CHEM 20L",""
"MATH 105B","AND","MATH 131A",""
"PSYCH 133A","AND","PSYCH 10",""
"PHYSCI M145","OR","PHYSCI 111A","PHYSCI M180A"
"LATIN 2","AND","LATIN 1",""
"BIOENGR 100","AND","MATH 32A",""
"CLASSIC M146B","AND","CLASSIC M146A",""
"CH ENGR C212","AND","CH ENGR 101A",""
"PSYCH 112D","AND","PSYCH 100A",""
"CHEM C215B","AND","MATH 31A",""
"ENGL 184","AND","ENGL 10C",""
"MGMT 267","AND","MGMT 411",""
"ENV HLT 209","AND","ENV HLT C200A",""
"PHYSICS 87","AND","PHYSICS 6B",""
"A&O SCI C144","AND","Atmospheric and Oceanic Sciences 101",""
"ENGL 169","AND","ENGL 10B",""
"THEATER C156A","AND","THEATER 147A",""
"LING 130","OR","LING 119B","LING 120B"
"ENGL 127","AND","ENGL 10A",""
"GEOG 174","AND","GEOG 169",""
"PSYCH M117B","OR","PSYCH M117A","PSYCH 115"
"COM SCI M185","AND","MATH 33A",""
"CHEM 20B","AND","MATH 31A",""
"CHEM 20L","OR","CHEM 20A","CHEM 20AH"
"CHEM 113A","AND","MATH 32B",""
"PHYSICS 1A","AND","MATH 31B",""
"CHEM C215B","OR","CHEM C115A","PHYSICS 115B"
"NURSING 439D","AND","NURSING 439C",""
"EL ENGR 110","AND","EL ENGR 10",""
"CHEM 192A","OR","CHEM 14CL","CHEM 20L"
"THEATER C152B","AND","THEATER 14C",""
"CHEM 30BL","AND","CHEM 30AL",""
"EE BIOL 132","AND","LIFESCI 1",""
"PSYCH 186C","AND","PSYCH 85",""
"KOREA 177","AND","KOREA 50",""
"ASIAN M60W","OR","ENGCOMP 3","English as A Second Language 36"
"MUSC C167","OR","MUSC 164AW","MUSC 164AS"
"CIVIC 188SB","AND","CIVIC 188SA",""
"EE BIOL 170","AND","LIFESCI 23L",""
"ENGL 140B","AND","ENGL 10A",""
"ENGL M105E","OR","ENGCOMP 3","English as A Second Language 36"
"LING 132","OR","LING 119B","LING 120B"
"INF STD 188SB","AND","INF STD 188SA",""
"ENGL 125","OR","ENGCOMP 3","English as A Second Language 36"
"MECH&AE 156A","AND","MECH&AE 82",""
"ECON M134","OR","ECON 41","STATS 12"
"PHYSCI 111A","OR","PHYSICS 1B","PHYSICS 6B"
"EPS SCI 103A","AND","CHEM 20B",""
"CHICANO M105E","OR","ENGCOMP 3","English as A Second Language 36"
"MGMT 124","AND","MGMT 120B",""
"MAT SCI 104","AND","PHYSICS 1A",""
"ETHNMUS 183","AND","ETHNMUS 10A",""
"ENGL 180R","AND","ENGL 10B",""
"ENGL 136","OR","Satisfaction on Entry-Level Writing Requirement","ENGCOMP 3"
"NURSING 216A","AND","NURSING 231",""
"MECH&AE 103","AND","MATH 32B",""
"NURSING 171","AND","NURSING 162D",""
"ASTR 115","AND","PHYSICS 1A",""
"ENGL 171C","AND","ENGL 10B",""
"LING 110","AND","LING 20",""
"THEATER C104I","AND","THEATER 14C",""
"MATH 164","AND","MATH 115A",""
"CHEM C113B","AND","CHEM 113A",""
"SOC WLF 402B","AND","SOC WLF 401A",""
"A&O SCI 2L","AND","Atmospheric and Oceanic Sciences 2",""
"CHEM 20B","AND","MATH 31B",""
"CHEM 14B","AND","CHEM 14A",""
"MECH&AE 105A","AND","CHEM 20B",""
"THEATER C155A","AND","THEATER 147B",""
"MECH&AE 105D","AND","MECH&AE 105A",""
"BMD RES 5HB","AND","BMD RES 5HA",""
"DANCE 117A","AND","DANCE 67A",""
"ETHNMUS 71IW","AND","ETHNMUS 71IF",""
"ECON 103L","AND","ECON 11",""
"MATH 131A","AND","MATH 32B",""
"MGMT 261A","AND","MGMT 411",""
"MUSC 104A","AND","MUSC 120C",""
"COM HLT 292","AND","COM HLT 210",""
"ECON 101","AND","ECON 11",""
"COM HLT M252","AND","COM HLT M287",""
"CHEM 114","AND","CHEM 113A",""
"ANTHRO 124P","AND","ANTHRO 7",""
"MATH 114C","OR","MATH 131A","PHILOS 135"
"JAPAN 154","OR","English as A Second Language 36","COM LIT 1A"
"CHIN 151","OR","COM LIT 1D","Satisfaction on Entry-Level Writing Requirement"
"MUSC 166W","AND","MUSC 66W",""
"CHEM 20A","AND","MATH 31A",""
"MGMT 120A","AND","MGMT 1B",""
"CHEM C143A","AND","CHEM 30",""
"EL ENGR 132A","AND","EL ENGR 131A",""
"MGMT 406","AND","MGMT 403",""
"PSYCH 120B","AND","PSYCH 100A",""
"NEUROSC M145","OR","PHYSCI 111A","NEUROSC M101A"
"PHYSCI 111L","AND","PHYSCI 111B",""
"ECON 131L","AND","ECON 11",""
"MATH 105B","AND","MATH 105A",""
"EL ENGR 111L","AND","EL ENGR 10",""
"FRNCH 6","AND","FRNCH 5",""
"THEATER 174D","AND","THEATER 147A",""
"ENGL 10B","AND","ENGL 10A",""
"MUSC 74B","AND","MUSC 74A",""
"ENGL 129","AND","ENGL 10B",""
"FILM TV C154B","AND","FILM TV 154",""
"NURSING 429D","AND","NURSING 429C",""
"LIFESCI 4","AND","LIFESCI 2",""
"POL SCI 132A","AND","POL SCI 20",""
"STATS M250","AND","EPIDEM 200B",""
"GEOG 168","AND","GEOG 7",""
"ENGL 136","AND","ENGL 4W",""
"FILM TV 484B","AND","FILM TV 484A",""
"EL ENGR 110","AND","EL ENGR 102",""
"A&O SCI 3L","AND","Atmospheric and Oceanic Sciences 3",""
"PSYCH 137C","AND","PSYCH 100A",""
"ENGL 110A","AND","ENGL 10C",""
"C&EE M135C","OR","C&EE 130","MECH&AE 156A"
"MATH 175","AND","MATH 33B",""
"DIS STD 199B","AND","DIS STD 199A",""
"EE BIOL C126","OR","MATH 32A","LIFESCI 30B"
"BIOMATH 299","AND","BIOMATH M260A",""
"SOC GEN M71B","AND","SOC GEN M71A",""
"MATH 135","AND","MATH 33A",""
"MECH&AE 107","AND","EL ENGR 100",""
"MUSC 110B","AND","MUSC 120C",""
"EPS SCI C262","AND","Earth and Space Sciences 150",""
"PSYCH 186B","AND","MATH 31B",""
"PSYCH 186C","AND","PSYCH 10",""
"MATH 151A","AND","MATH 115A",""
"EPS SCI 211","AND","PHYSICS 105A",""
"ENV HLT 454","AND","ENV HLT 255",""
"ECON M135","OR","POL SCI 40","POL SCI 50"
"NEURBIO M227","AND","PHYSCI 111B",""
"GE CLST M1B","AND","GE CLST M1A",""
"MGMT 130A","AND","MGMT 1B",""
"ARMENIA 106B","AND","ARMENIA 105C",""
"GEOG M171","OR","STATS 11","STATS 12"
"ENGL 182B","AND","ENGL 10C",""
"ASIA AM 140SL","OR","ASIA AM 10","ASIA AM 20"
"SPAN 7B","OR","SPAN 3","SPAN 7A"
"HEBREW 103B","AND","HEBREW 102A",""
"PSYCH 124D","AND","PSYCH 100B",""
"ENGL 181C","AND","ENGL 10C",""
"PSYCH 186B","AND","PSYCH 100B",""
"PUB HLT 188SB","AND","HNRS 101E",""
"EL ENGR 101A","AND","MATH 32A",""
"ENGL 153","AND","ENGL 10B",""
"IRANIAN 20B","AND","IRANIAN 20A",""
"MATH 172B","OR","MATH 170B","STATS 100A"
"ARCH&UD M272","AND","URBN PL 220A",""
"PSYCH 121","AND","PSYCH 100B",""
"MATH 184","AND","MATH 31A",""
"PUB PLC 298A","AND","PUB PLC 210",""
"SPAN 25","AND","SPAN 5",""
"PUB PLC 298C","AND","PUB PLC 298B",""
"CHIN 151","OR","English as A Second Language 36","COM LIT 1A"
"ENGL 142","AND","ENGL 10B",""
"HEBREW C240","AND","HEBREW 103C",""
"PHYSCI 111A","AND","LIFESCI 1",""
"CH ENGR 104B","AND","CH ENGR 104A",""
"LING 130","AND","LING 20",""
"EPIDEM 412","AND","EPIDEM 200C",""
"DANCE 67B","AND","DANCE 67A",""
"EL ENGR 170A","AND","EL ENGR 101A",""
"PHYSICS 87","AND","MATH 31B",""
"MCD BIO 138","AND","LIFESCI 4",""
"MIMG 185A","AND","LIFESCI 23L",""
"LIFESCI 4","AND","LIFESCI 23L",""
"SOC GEN 105A","OR","SOC GEN 5","SOC GEN M71A"
"CH ENGR 104D","AND","CH ENGR 101C",""
"WL ARTS C282","AND","WL ARTS 104",""
"ART 148","AND","ART 11E",""
"CHEM 114","AND","CHEM 30AL",""
"COM SCI M185","AND","MATH 32B",""
"NURSING 439A","AND","NURSING 231",""
"CHEM C115B","OR","CHEM C115A","PHYSICS 115B"
"MIMG CM156","AND","LIFESCI 23L",""
"A&O SCI 104","OR","CHEM 14B","CHEM 20B"
"ENGR 185EW","OR","ENGCOMP 3","English as A Second Language 36"
"ENGL 10C","AND","ENGL 4W",""
"MIMG 191H","OR","MIMG 198B","MIMG 198C"
"INDO 5","AND","INDO 4",""
"MUSC C267","OR","MUSC 464B","MUSC 464C"
"EL ENGR 101A","AND","PHYSICS 1C",""
"LATIN 110","AND","LATIN 100",""
"EPS SCI 103A","OR","CHEM 20L","CHEM 14B"
"POL SCI 200C","AND","POL SCI 200A",""
"CHEM 30B","OR","CHEM 30A","CHEM 30AH"
"COM SCI 112","OR","C&EE 110","EL ENGR 131A"
"GEOG 145","OR","GEOG 3","GEOG 4"
"HEBREW C140","AND","HEBREW 103C",""
"ENGR M495J","AND","ENGR M495I",""
"PSYCH 131","AND","PSYCH 10",""
"COM SCI CM122","OR","C&EE 110","EL ENGR 131A"
"LIFESCI 192B","AND","LIFESCI 192A",""
"MATH 269B","AND","MATH 151A",""
"ENGL 184","AND","ENGL 10B",""
"GLBL ST 199A","AND","GLBL ST 191",""
"PSYCH 120A","AND","PSYCH 100A",""
"CHEM C126A","AND","MATH 33B",""
"GE CLST 80B","AND","GE CLST 80A",""
"PSYCH 115","OR","LIFESCI 2","LIFESCI 2"
"ECON 191","AND","ECON 103",""
"HIN","AND","HIN-URD 1",""
"EL ENGR 110","AND","EL ENGR M16",""
"EE BIOL 193","OR","Ecology and Evolutionary Biology 198D","Ecology and Evolutionary Biology 199"
"MECH&AE 105A","AND","MATH 32B",""
"EL ENGR M116C","AND","COM SCI 33",""
"CHEM 30AL","AND","CHEM 20L",""
"ECON M135","OR","POL SCI 30","POL SCI 40"
"EE BIOL 170","OR","PHYSICS 4BL","PHYSICS 6C"
"MUSC C167","OR","MUSC 164CF","MUSC 164CW"
"ARABIC 102B","AND","ARABIC 102A",""
"SOCIOL M72B","AND","SOCIOL M72A",""
"ETHNMUS 129B","AND","ETHNMUS M129A",""
"THEATER 173A","AND","THEATER 14C",""
"PHYSCI 191","AND","PHYSCI 111A",""
"ART HIS C139A","AND","ART HIS 27",""
"NURSING 439D","AND","NURSING 239C",""
"PSYCH 186B","AND","PSYCH 100A",""
"THEATER C104I","AND","THEATER 14B",""
"MUSC C167","OR","MUSC 164AF","MUSC 164AW"
"COM HLT M249L","AND","HLT POL 200A",""
"LIFESCI 3","AND","LIFESCI 2",""
"ENGL 177","AND","ENGL 10A",""
"POL SCI 134","AND","POL SCI 120A",""
"ART HIS C131B","AND","ART HIS 23",""
"MATH 132","AND","MATH 33B",""
"NEUROSC M101B","AND","LIFESCI 3",""
"PSYCH 191BH","AND","PSYCH 191AH",""
"PHYSICS 87","AND","CHEM 20B",""
"MCD BIO 196A","AND","LIFESCI 4",""
"PHYSICS 1C","AND","MATH 32B",""
"PSYCH 115","AND","PSYCH 100A",""
"ECON 106VL","AND","ECON 106V",""
"ASIA AM M191F","OR","English as A Second Language 36","Satisfaction on Entry-Level Writing Requirement"
"EL ENGR 101A","AND","MATH 33B",""
"LIFESCI 3","OR","CHEM 14C","CHEM 30A"
"A&O SCI C110","AND","Atmospheric and Oceanic Sciences 101",""
"ECON 187","AND","ECON 11",""
"MATH 131B","AND","MATH 115A",""
"MATH 120A","AND","MATH 33B",""
"ENGL 119","OR","ENGCOMP 3","English as A Second Language 36"
"MUSC 110A","AND","MUSC 20A",""
"EL ENGR 115AL","AND","EL ENGR 115A",""
"LIFESCI 192E","AND","LIFESCI 192D",""
"MATH 188SB","AND","HNRS 101E",""
"PHYSCI 111A","AND","LIFESCI 23L",""
"MCD BIO 193","OR","MCD BIO 198C","MCD BIO 199A"
"NURSING 467","AND","NURSING 461",""
"CHEM 14A","OR","MATH 31A","LIFESCI 30A"
"PSYCH 401","AND","PSYCH 271A",""
"CHIN 110B","AND","CHIN 110A",""
"ENV HLT C185C","OR","ENV HLT C185A","ENV HLT C185B"
"COM HLT M252","AND","HLT POL M236",""
"LING 165A","AND","LING 120A",""
"PHYSCI M180B","AND","LIFESCI 4",""
"EE BIOL 100","AND","LIFESCI 1",""
"LIFESCI 4","OR","CHEM 14C","CHEM 30A"
"PHYSICS 6B","OR","PHYSICS 6A","PHYSICS 6AH"
"ECON M135","AND","ECON 11",""
"EE BIOL 151B","AND","Ecology and Evolutionary Biology 100",""
"PHYSICS 4BL","OR","PHYSICS 1A","PHYSICS 1AH"
"EE BIOL 194B","OR","Ecology and Evolutionary Biology 198C","Ecology and Evolutionary Biology 198D"
"MIMG 180A","AND","MIMG 196A",""
"ITALIAN 2","AND","ITALIAN 1",""
"MUSC 106B","AND","MUSC 123C",""
"NURSING 216A","AND","NURSING 200",""
"SPAN 150","AND","SPAN 25",""
"PHYSCI C127","AND","PHYSCI 111B",""
"EE BIOL 153","AND","CHEM 20B",""
"FILM TV 410E","AND","FILM TV 410A",""
"MIMG 10","OR","MATH 3A","MATH 31A"
"MATH 116","AND","MATH 115A",""
"EDUC M194A","OR","EDUC M182A","EDUC M183A"
"PSYCH M119O","AND","PSYCH 115",""
"EE BIOL C242","OR","MATH 3C","MATH 32A"
"ETHNMUS 71EW","AND","ETHNMUS 71EF",""
"GEOG 174","AND","GEOG 172",""
"ECON 107","AND","ECON 102",""
"MECH&AE 154A","AND","MECH&AE 154S",""
"MATH 33AH","OR","MATH 31B","MATH 32A"
"NURSING 171","AND","NURSING 462",""
"NURSING 171","AND","NURSING 164",""
"A&O SCI 145","AND","PHYSICS 1B",""
"MATH 172B","AND","MATH 170A",""
"NURSING 264","OR","NURSING 418A","NURSING 438A"
"LING 185A","AND","LING 180",""
"EPS SCI 136A","AND","MATH 3A",""
"COM SCI 144","AND","COM SCI 143",""
"THEATER 180","AND","THEATER 101C",""
"GEOG 169","AND","GEOG 7",""
"MATH 171","AND","MATH 33A",""
"MUSC 119B","AND","MUSC 110A",""
"COMPTNG 20A","AND","COMPTNG 10A",""
"EL ENGR 101B","AND","EL ENGR 101A",""
"CHEM 114","AND","CHEM 110A",""
"VIETMSE 2A","AND","VIETMSE 1A",""
"ASTR 115","AND","PHYSICS 1C",""
"PSYCH 131","AND","PSYCH 100B",""
"CHEM 110A","AND","PHYSICS 1A",""
"PSYCH 150","AND","PSYCH 10",""
"MATH 33A","OR","MATH 32A","MATH 3B"
"ETHNMUS 171IW","AND","ETHNMUS 171IF",""
"MATH 106","AND","MATH 31B",""
"EPS SCI C162","AND","Earth and Space Sciences 150",""
"ASIA AM 30W","OR","English as A Second Language 36","Satisfaction on Entry-Level Writing Requirement"
"MGMT 122","AND","MGMT 1B",""
"ENGL 4HW","OR","English as A Second Language 36","Satisfaction on Entry-Level Writing Requirement"
"MATH 131B","AND","MATH 33B",""
"BIOINFO M260B","OR","BIOSTAT 100A","BIOSTAT 110A"
"KOREA 104B","AND","KOREA 101C",""
"FILM TV 434","AND","FILM TV 431",""
"CHEM 14BL","AND","CHEM 14A",""
"STATS 101B","AND","STATS 101A",""
"STATS M171","OR","STATS 10","STATS 11"
"EE BIOL C126","AND","LIFESCI 1",""
"EDUC M190SL","AND","EDUC M190",""
"PSYCH 401","AND","PSYCH 271B",""
"ENGL 110A","AND","ENGL 10A",""
"MATH 142","AND","MATH 32B",""
"MECH&AE 154B","AND","MECH&AE 154A",""
"ARCH&UD M272","AND","URBN PL 220B",""
"PSYCH 124C","OR","PSYCH 120A","PSYCH 120B"
"EE BIOL 110","AND","LIFESCI 4",""
"EL ENGR 131A","AND","MATH 32B",""
"PSYCTRY M284B","AND","PSYCTRY M284A",""
"BIOENGR CM186","AND","EL ENGR 102",""
"MECH&AE 150A","AND","MECH&AE 82",""
"IL AMER 18B","AND","Indigenous Languages of the Americas 18A",""
"FILM TV 154","AND","FILM TV 101A",""
"SPAN 120","AND","SPAN 25",""
"ECON 103","AND","ECON 11",""
"ASIAN M60W","OR","English as A Second Language 36","Satisfaction on Entry-Level Writing Requirement"
"COM SCI 161","AND","COM SCI 180",""
"STATS 102B","AND","STATS 100B",""
"KOREA 5","AND","KOREA 4",""
"ENGL 184","AND","ENGL 10A",""
"PSYCH 116","AND","PSYCH 100B",""
"BIOENGR C171","AND","BIOENGR C170",""
"NURSING 467","AND","NURSING 465D",""
"ECON 181","AND","ECON 11",""
"MCD BIO M175B","AND","LIFESCI 4",""
"MATH 33B","AND","MATH 31B",""
"MCD BIO 138","AND","LIFESCI 3",""
"MCD BIO 198B","AND","LIFESCI 4",""
"PHYSICS 1B","AND","PHYSICS 1A",""
"MATH 32B","AND","MATH 32A",""
"PHYSICS 87","AND","MATH 3A",""
"NURSING 208","AND","NURSING 207",""
"PHYSICS 17","AND","PHYSICS 1A",""
"BIOSTAT 200B","AND","BIOSTAT 200A",""
"ART HIS 127A","AND","ART HIS 22",""
"THEATER C152B","AND","THEATER 14B",""
"PHYSICS 4AL","AND","PHYSICS 1A",""
"CHEM 113A","AND","PHYSICS 6C",""
"MECH&AE 157","AND","MECH&AE 105A",""
"A&O SCI C170","AND","PHYSICS 1C",""
"GREEK 100","AND","GREEK 20",""
"ENGL 142","AND","ENGL 10A",""
"MATH 170B","AND","MATH 170A",""
"IRANIAN 141","AND","IRANIAN 102C",""
"MATH 3C","AND","MATH 3B",""
"EL ENGR 115B","AND","EL ENGR 115A",""
"DIS STD 199A","OR","DIS STD 101","DIS STD 101W"
"ECON 11","AND","MATH 31B",""
"C&S BIO M185","AND","MATH 32B",""
"MCD BIO 180A","AND","MCD BIO 196A",""
"EPS SCI 136A","AND","PHYSICS 4AL",""
"PSYCH 136A","AND","PSYCH 100A",""
"MCD BIO 150AL","AND","MCD BIO C150",""
"CHEM CM160B","OR","MATH 170A","STATS 100A"
"ART HIS C116A","AND","ART HIS 21",""
"NURSING 465A","AND","NURSING 254B",""
"BMD RES 194H","AND","BMD RES 193H",""
"EPIDEM 412","OR","EPIDEM 100","EPIDEM 200A"
"MUSC 110B","AND","MUSC 20C",""
"ITALIAN 5","AND","ITALIAN 4",""
"DANCE 67A","AND","DANCE 16",""
"C&EE 130L","AND","C&EE 130",""
"EL ENGR 101A","OR","MATH 32B","MATH 33A"
"PHYSICS 4BL","OR","PHYSICS 1C","PHYSICS 1CH"
"EL ENGR 132B","AND","EL ENGR 131A",""
"ENGL 181C","AND","ENGL 10B",""
"PSYCTRY 188SB","AND","PSYCTRY 188SA",""
"CHEM CM160B","OR","STATS 100A","C&EE 110"
"COM SCI CM122","OR","COM SCI 32","COMPTNG 10C"
"BIOINFO M260B","OR","STATS 100A","C&EE 110"
"PSYCH 112D","AND","PSYCH 110",""
"NEUROSC C177","AND","NEUROSC M101A",""
"NURSING 445","AND","NURSING 245",""
"CHEM 110A","AND","PHYSICS 6C",""
"SOC GEN 188SB","AND","SOC GEN 188SA",""
"MECH&AE 156A","AND","MECH&AE 96",""
"NEUROSC 101L","AND","NEUROSC M101A",""
"CHEM CM160B","OR","BIOSTAT 100A","BIOSTAT 110A"
"CHICANO M5B","AND","CHICANO M5A",""
"BIOMATH 266A","AND","BIOMATH 170A",""
"INF STD 291B","AND","INF STD 291A",""
"STATS M171","OR","STATS 13","STATS 14"
"EE BIOL 194B","OR","Ecology and Evolutionary Biology 198B","Ecology and Evolutionary Biology 198C"
"CHEM C215B","AND","MATH 33A",""
"ENGL 4W","OR","English as A Second Language 36","Satisfaction on Entry-Level Writing Requirement"
"PHYSCI 167","AND","CHEM 14C",""
"STATS 188SB","AND","HNRS 101E",""
"ECON 131","AND","ECON 103",""
"COM SCI 131","AND","COM SCI 33",""
"ETHNMUS 183","AND","ETHNMUS 10C",""
"CHEM 113A","AND","MATH 32A",""
"POL SCI 140B","AND","POL SCI 40",""
"EL ENGR 115AL","OR","EL ENGR 110L","EL ENGR 111L"
"PSYCH 112C","AND","NEUROSC M101C",""
"A&O SCI C170","AND","MATH 33A",""
"STATS 203","AND","STATS 200B",""
"SPAN M165SL","OR","SPAN 25","SPAN 27"
"FILM TV 201B","AND","FILM TV 201A",""
"MECH&AE 105D","AND","MECH&AE 103",""
"MCD BIO M175B","OR","PSYCH 115","PHYSCI 111A"
"FILM TV 1B","AND","FILM TV 1A",""
"EL ENGR 183DA","AND","EL ENGR 115A",""
"ENGL 110A","OR","ENGL 4W","ENGL 4HW"
"COM HLT M249L","AND","HLT POL 200B",""
"PSYCH 186B","AND","COMPTNG 10A",""
"CHEM 110A","OR","PHYSICS 1C","PHYSICS 1AH"
"ENGL 121","AND","ENGL 10A",""
"MECH&AE 133A","AND","MECH&AE 103",""
"COM SCI 181","AND","COM SCI 180",""
"CHEM 14CL","AND","CHEM 14C",""
"CHEM 14A","OR","LIFESCI 30A","Math Diagnostic Test"
"JAPAN 154","OR","COM LIT 1C","COM LIT 1D"
"ARABIC 1B","AND","ARABIC 1A",""
"EPS SCI 112","AND","Earth and Space Sciences 1",""
"EL ENGR 110","AND","EL ENGR 111L",""
"ECON 106EL","AND","ECON 101",""
"ENV HLT 261","AND","CHEM 20B",""
"ENGL 170C","AND","ENGL 10B",""
"ENGCOMP 2I","OR","ENGCOMP 1B","Demonstrated Proficiency on Analytical Writing Placement Exam or English as a Second Language Placement Exam"
"MATH 3B","AND","MATH 3A",""
"THEATER 174D","AND","THEATER 174A",""
"MIMG 185A","AND","CHEM 153A",""
"MCD BIO CM156","AND","LIFESCI 4",""
"THEATER 180","AND","THEATER 101B",""
"CH ENGR 108A","AND","CH ENGR 104A",""
"JAPAN 101B","OR","JAPAN 100C","JAPAN 100S"
"MAT SCI 104","AND","CHEM 20B",""
"MCD BIO 104AL","AND","LIFESCI 23L",""
"BIOENGR 180","AND","BIOENGR 120",""
"CHEM 153B","AND","LIFESCI 23L",""
"PHYSCI 120","AND","PHYSCI 111B",""
"ENV HLT 261","AND","ENV HLT C200B",""
"POL SCI M105","OR","POL SCI 30","POL SCI 40"
"MATH 173B","AND","MATH 173A",""
"MATH 155","AND","MATH 32B",""
"BMD RES 188SB","AND","HNRS 101E",""
"FILM TV 410E","AND","FILM TV 409",""
"ENGL 173A","AND","ENGL 10A",""
"MATH 120A","AND","MATH 32B",""
"COM SCI CM186","AND","EL ENGR 102",""
"CHEM CM260B","OR","BIOSTAT 110A","MATH 170A"
"MAT SCI 104","AND","CHEM 20A",""
"ENGL 140A","AND","ENGL 10A",""
"PHYSCI M180B","AND","LIFESCI 3",""
"CHEM CM260B","OR","MATH 170A","STATS 100A"
"MGMT 240F","AND","MGMT 410",""
"CHEM 30BL","AND","CHEM 30A",""
"PHYSICS 1A","AND","MATH 32A",""
"EPIDEM M252","AND","EPIDEM 200C",""
"ENGL 173A","AND","ENGL 10B",""
"ENGL 141","AND","ENGL 10B",""
"DIS STD 101W","OR","ENGCOMP 3","English as A Second Language 36"
"BIOINFO M260B","OR","COM SCI 32","COMPTNG 10C"
"EE BIOL 194B","OR","Ecology and Evolutionary Biology 198D","Ecology and Evolutionary Biology 199"
"ENVIRON 180B","AND","ENVIRON 180A",""
"FILM TV C152C","AND","FILM TV 185",""
"DANCE 117C","AND","DANCE 67B",""
"ENGL 10B","OR","Satisfaction on Entry-Level Writing Requirement","ENGCOMP 3"
"ECON 106E","AND","ECON 101",""
"MATH 103A","AND","MATH 31A",""
"MUSC 188SB","AND","MUSC 188SA",""
"EL ENGR 173DA","AND","EL ENGR 101A",""
"I A STD M5B","AND","I A STD M5A",""
"PSYCH 119J","OR","PSYCH 115","PSYCH M117C"
"EL ENGR 115C","AND","COM SCI M51A",""
"ART 133","AND","ART 11A",""
"C&S BIO M185","AND","LIFESCI 4",""
"NURSING 224","AND","NURSING 231",""
"CHEM 153L","AND","CHEM 30AL",""
"CHEM 113A","OR","PHYSICS 1C","PHYSICS 6A"
"ENGL 181C","AND","ENGL 10A",""
"LING 110","OR","LING 119A","LING 120A"
"HNRS 11W","OR","English as A Second Language 36","Satisfaction on Entry-Level Writing Requirement"
"PHYSICS 1B","AND","MATH 32B",""
"MGMT 231C","AND","MGMT 430",""
"MGMT 161","AND","MGMT 160",""
"ENV HLT M242","AND","ENV HLT C240",""
"ECON 111","AND","ECON 101",""
"ECON M135","OR","POL SCI 20","POL SCI 30"
"EL ENGR 141","AND","EL ENGR 102",""
"MCD BIO 165A","OR","CHEM 14D","CHEM 30B"
"PSYCH 101","AND","PSYCH 100A",""
"CLASSIC 143A","OR","CLASSIC 10","CLASSIC 40W"
"SPAN 100B","AND","SPAN M35",""
"MATH 105B","OR","MATH 110A","MATH 117"
"PHYSICS 1B","AND","MATH 32A",""
"NURSING 171","OR","NURSING 165","NURSING 461"
"MIMG 158","AND","CHEM 153A",""
"SCAND 2","AND","SCAND 1",""
"CH ENGR 104D","AND","CH ENGR C125",""
"PSYCH M107","AND","PSYCH 10",""
"CHEM 30CL","AND","CHEM 30C",""
"MCD BIO 199B","AND","LIFESCI 4",""
"ASL 2","AND","ASL 1",""
"CHEM 285","AND","CHEM 110A",""
"C&S BIO M185","AND","MATH 33B",""
"NEUROSC 101L","AND","NEUROSC M101B",""
"SOC GEN M72B","AND","SOC GEN M72A",""
"ENGL M104B","OR","ENGCOMP 3","English as A Second Language 36"
"NURSING 444","AND","NURSING 440",""
"EE BIOL 170","OR","PHYSICS 6C","PHYSICS 6CH"
"CHICANO M156B","AND","CHICANO M156A",""
"LING 120A","AND","LING 103",""
"CHIN 2","AND","CHIN 1",""
"LING M176A","OR","JAPAN 3","JAPAN 8"
"MUSC 66W","AND","MUSC 20A",""
"SOC WLF 100B","AND","SOC WLF 100A",""
"ENGL 161C","AND","ENGL 10B",""
"WL ARTS C280","AND","WL ARTS 80",""
"PSYCH 116","AND","PSYCH 100A",""
"WL ARTS 170","AND","WL ARTS 70",""
"LATIN 20","OR","LATIN 3","LATIN 16"
"CHEM CM260B","OR","COM SCI 32","COMPTNG 10C"
"ARABIC 103B","AND","ARABIC 102C",""
"MATH 184","AND","MATH 115A",""
"COM HLT 270A","AND","COM HLT 210",""
"MCD BIO 198B","AND","LIFESCI 3",""
"MUSC 110B","AND","MUSC 20B",""
"PHYSICS 17","AND","PHYSICS 1CH",""
"PHYSICS 18L","AND","PHYSICS 1C",""
"MUSC 140B","AND","MUSC 140A",""
"IRANIAN 1B","AND","IRANIAN 1A",""
"NURSING 264","OR","NURSING 438A","NURSING 439A"
"LIFESCI 192D","AND","LIFESCI 30B",""
"ECON 191","AND","ECON 101",""
"CHEM 14CL","AND","CHEM 14B",""
"MGMT 215B","AND","MGMT 420",""
"CHIN 2A","AND","CHIN 1A",""
"JAPAN 154","OR","COM LIT 1D","Satisfaction on Entry-Level Writing Requirement"
"PHILOS 174","OR","PHILOS 182","PHILOS 183"
"STATS 20","OR","STATS 12","STATS 13"
"HIN","AND","HIN-URD 100A",""
"COM SCI 188SB","AND","HNRS 101E",""
"PSYCH 119C","OR","PSYCH 115","PSYCH M117C"
"APPLING 278","AND","Applied Linguistics and Tesl M206",""
"ANTHRO 117P","AND","ANTHRO 8",""
"ENGL 4HW","OR","ENGCOMP 3","English as A Second Language 36"
"PSYCH 127B","AND","PSYCH 10",""
"EPS SCI 136A","AND","PHYSICS 1C",""
"LIFESCI 7B","AND","LIFESCI 7A",""
"MAT SCI 111","AND","MAT SCI 110",""
"EE BIOL 152","AND","LIFESCI 1",""
"PHYSICS 17","AND","PHYSICS 1BH",""
"CLASSIC 191","AND","CLASSIC 20",""
"CHEM 285","AND","CHEM 171",""
"PHYSICS 1C","AND","MATH 32A",""
"BIOENGR 180","AND","LIFESCI 3",""
"MECH&AE 166C","OR","MECH&AE 156A","MECH&AE 166A"
"CHEM CM160B","OR","COM SCI 32","COMPTNG 10C"
"CH ENGR C112","AND","CH ENGR 101A",""
"ENV HLT M211","AND","EPIDEM 200B",""
"PHYSICS 17","AND","MATH 33A",""
"IRANIAN 102B","AND","IRANIAN 102A",""
"ASIA AM M166B","AND","ASIA AM M166A",""
"GREEK 2","AND","GREEK 1",""
"POL SCI 181A","AND","POL SCI 40",""
"CHEM 184","AND","CHEM 30CL",""
"EE BIOL 151A","AND","LIFESCI 1",""
"FILM TV 155","AND","FILM TV 101A",""
"PHILOS M101B","AND","PHILOS M101A",""
"ENGL 182B","AND","ENGL 10A",""
"ENGCOMP 3D","OR","ENGCOMP 2I","Satisfaction on Entry-Level Writing Requirement"
"COMM ST 112","OR","COMM ST 118","COMM ST 120"
"FILM TV 284B","AND","FILM TV 284A",""
"C&EE 147","AND","C&EE 135B",""
"MECH&AE M168","OR","MECH&AE 156A","MECH&AE 166A"
"ART 130","AND","ART 1A",""
"GEOG 167","AND","GEOG 7",""
"PSYCH 126","OR","PSYCH 127B","PSYCH 127C"
"NURSING 295B","AND","NURSING 295A",""
"CHEM 110A","AND","PHYSICS 1B",""
"MECH&AE 157","AND","EL ENGR 100",""
"BIOENGR 120","AND","PHYSICS 1C",""
"COMPTNG 40A","AND","COMPTNG 10A",""
"PUB PLC 298B","AND","PUB PLC 298A",""
"PSYCH 119V","AND","PSYCH 115",""
"GE CLST M71B","AND","GE CLST M71A",""
"COM SCI M185","AND","C&S BIO M184",""
"PSYCH 116","AND","PSYCH 10",""
"POL SCI 188SB","AND","POL SCI 188SA",""
"NURSING 239A","AND","NURSING 224",""
"BIOSTAT 256","AND","BIOSTAT 202B",""
"COM SCI 180","AND","MATH 61",""
"MAT SCI 104","AND","PHYSICS 1B",""
"ECON 103L","OR","ECON 41","STATS 100A"
"NURSING 416A","AND","NURSING 440",""
"PSYCH 115","OR","LIFESCI 2W","LIFESCI 15"
"PSYCH M288B","AND","PSYCH M288A",""
"BIOINFO M260B","OR","BIOSTAT 110A","MATH 170A"
"POL SCI 200CL","AND","POL SCI 200B",""
"BIOENGR 120","AND","CHEM 30A",""
"EPIDEM M211","AND","EPIDEM 200B",""
"MECH&AE 162D","OR","MECH&AE 183A","MECH&AE M183B"
"ENV HLT 202","AND","ENV HLT 410A",""
"MUSC 120B","AND","MUSC 120A",""
"CHEM C226A","AND","CHEM 110A",""
"CHEM C207","AND","CHEM 172",""
"COM SCI 174A","AND","COM SCI 32",""
"MCD BIO M140","AND","MCD BIO 165A",""
"SPAN 119","AND","SPAN 25",""
"THEATER C155D","OR","THEATER 147A","THEATER 147B"
"CHEM 20B","AND","CHEM 20A",""
"ETHNMUS 171FW","AND","ETHNMUS 171FF",""
"CAEM 239","AND","Conservation of Archaeological and Ethnographic Materials 234",""
"COM SCI M185","AND","MATH 33B",""
"PSYCH 186B","AND","PSYCH 10",""
"SCAND 50W","OR","ENGCOMP 3","English as A Second Language 36"
"PSYCH 127A","AND","PSYCH 10",""
"PSYCH 186B","AND","COMPTNG 10B",""
"NEUROSC 182","AND","NEUROSC M101A",""
"MIMG 191H","OR","MIMG 198A","MIMG 198B"
"MGMT 260A","AND","MGMT 411",""
"MUSC C167","OR","MUSC 164AS","MUSC 164BF"
"STATS 102B","AND","MATH 33A",""
"PUB PLC 187","AND","PUB PLC 10A",""
"PHYSCI C152","AND","PHYSCI 111A",""
"MATH 31B","AND","MATH 31A",""
"MATH 131AH","AND","MATH 32B",""
"PHYSICS 6A","AND","MATH 3C",""
"PSYCH 101","AND","PSYCH 10",""
"NURSING 439A","AND","NURSING 224",""
"BIOENGR 180","AND","BIOENGR 100",""
"CHEM 154","AND","CHEM 153A",""
"MECH&AE 162D","OR","MECH&AE 156A","MECH&AE 183A"
"CHEM 154","AND","CHEM 153L",""
"CIVIC 194","AND","CIVIC 195CE",""
"EPIDEM 200B","AND","EPIDEM 200A",""
"PHYSICS 17","OR","PHYSICS 1C","PHYSICS 1AH"
"INTL DV 191","AND","INTL DV 110",""
"CHEM C165","AND","CHEM 153C",""
"MGMT 241A","AND","MGMT 411",""
"PSYCH 100A","OR","STATS 10","COMPTNG 10A"
"I A STD 191","AND","I A STD 1",""
"COM LIT 4CW","OR","ENGCOMP 3","English as A Second Language 36"
"CHEM 153B","AND","LIFESCI 3",""
"ENGCOMP 3D","OR","ENGCOMP 2","ENGCOMP 2I"
"MATH 103A","AND","MATH 32A",""
"CHEM C143A","AND","CHEM 110B",""
"TURKIC 102B","AND","TURKIC 101A",""
"THEATER C156B","AND","THEATER 147A",""
"PSYCH 100A","AND","PSYCH 10",""
"CHEM 192B","OR","CHEM 14CL","CHEM 20L"
"PHYSICS 87","AND","MATH 3B",""
"MUSC 110B","AND","MUSC 120B",""
"POL SCI 145E","AND","POL SCI 40",""
"THAI 100B","AND","THAI 100A",""
"BIOL CH M140","AND","MCD BIO 165A",""
"LING 110","OR","LING 102","LING 103"
"PSYCH 126","AND","PSYCH 100B",""
"MATH 131A","AND","MATH 33B",""
"MGMT 231E","AND","MGMT 408",""
"IL AMER M5B","AND","Indigenous Languages of the Americas M5A",""
"COMM ST 150","OR","STATS 10","ECON 41"
"MGMT 266B","AND","MGMT 411",""
"ART HIS C216A","AND","ART HIS 21",""
"EPS SCI 103A","OR","MATH 31B","MATH 3B"
"PHYSICS 6A","AND","MATH 3A",""
"ENGL 110A","OR","Satisfaction on Entry-Level Writing Requirement","ENGCOMP 3"
"PHILOS 188SB","AND","PHILOS 188SA",""
"CH ENGR 104B","AND","CH ENGR 103",""
"CHEM C226A","AND","CHEM 113A",""
"HEBREW 102B","AND","HEBREW 102A",""
"KOREA 100B","AND","KOREA 100A",""
"ENGL 10C","AND","ENGL 10B",""
"C&S BIO M185","AND","C&S BIO M184",""
"EE BIOL C177","AND","LIFESCI 1",""
"EE BIOL 170","AND","LIFESCI 3",""
"MGMT 241A","AND","MGMT 410",""
"COM SCI 152B","AND","COM SCI M151B",""
"EE BIOL 132","AND","Ecology and Evolutionary Biology 100",""
"MATH 188SB","AND","MATH 188SA",""
"ETHNMUS 171AW","AND","ETHNMUS 171AF",""
"EE BIOL 170","AND","LIFESCI 2",""
"MATH 61","AND","MATH 31B",""
"MAT SCI 143A","AND","MECH&AE 101",""
"CHEM 285","AND","CHEM 30AL",""
"EL ENGR 110L","OR","EL ENGR 100","EL ENGR 110"
"EL ENGR 102","AND","MATH 33B",""
"ETHNMUS 183","AND","ETHNMUS 20B",""
"THEATER 173B","AND","THEATER 14A",""
"SOC WLF 249C","AND","SOC WLF 249B",""
"COM HLT 276","OR","COM HLT 100","COM HLT 210"
"CHEM C274","AND","CHEM 171",""
"DANCE 116","AND","DANCE 16",""
"SPAN 170","AND","SPAN 25",""
"MIL SCI 22","AND","MIL SCI 21",""
"ENGL 166B","AND","ENGL 10B",""
"PSYCH 100B","AND","PSYCH 10",""
"SOC WLF 402B","AND","SOC WLF 401C",""
"MUSC C167","OR","MUSC 164BS","MUSC 164CF"
"LING 120A","AND","LING 20",""
"ENGL 97H","OR","English as A Second Language 36","Satisfaction on Entry-Level Writing Requirement"
"PSYCH 124D","AND","PSYCH 115",""
"CHEM 192B","AND","CHEM 14BL",""
"ASTR 115","AND","PHYSICS 1B",""
"ENGL 134","AND","ENGL 10B",""
"THEATER 173B","AND","THEATER 14C",""
"PHYSICS 18L","AND","PHYSICS 4BL",""
"FILM TV 410E","AND","FILM TV 410B",""
"STATS C180","AND","MATH 32B",""
"CHEM 113A","AND","MATH 33B",""
"LATIN 100","AND","LATIN 20",""
"MAT SCI 120","OR","MAT SCI 110","CHEM 113A"
"MGMT 406","AND","MGMT 405",""
"CAEM M250","AND","Conservation of Archaeological and Ethnographic Materials 210L",""
"GE CLST 60B","AND","GE CLST 60A",""
"MECH&AE 105D","AND","MECH&AE 82",""
"NURSING 439A","AND","NURSING 239A",""
"THEATER 121","AND","THEATER 20",""
"MGMT 232D","AND","MGMT 408",""
"COM LIT 4CW","OR","English as A Second Language 36","Satisfaction on Entry-Level Writing Requirement"
"CHEM C107","AND","CHEM 172",""
"LING 130","OR","LING 119A","LING 120A"
"ANTHRO 149C","AND","ANTHRO 33",""
"MUSC C267","OR","MUSC 464A","MUSC 464B"
"MATH 115A","AND","MATH 33A",""
"ECON 187","AND","ECON 101",""
"PHILOS 133","AND","PHILOS 31",""
"CHEM C174","AND","CHEM 30CL",""
"ENGL 111A","OR","English as A Second Language 36","Satisfaction on Entry-Level Writing Requirement"
"APPLING 101W","OR","English as A Second Language 36","Satisfaction on Entry-Level Writing Requirement"
"MECH&AE 157","AND","MECH&AE 102",""
"ENGR 183EW","OR","ENGCOMP 3","English as A Second Language 36"
"COM HLT M252","OR","HLT POL 100","HLT POL 200A"
"CH ENGR 104A","AND","CH ENGR 100",""
"PHYSICS 1B","AND","MATH 31B",""
"MECH&AE C183C","AND","MECH&AE 183A",""
"HEBREW C240","AND","HEBREW 103A",""
"CHEM C226A","AND","MATH 33B",""
"MATH 106","AND","MATH 31A",""
"DANCE 117A","AND","DANCE 16",""
"CHEM 285","AND","CHEM 113A",""
"PSYCH 126","AND","PSYCH 100A",""
"CHEM 156","AND","CHEM 153A",""
"MIMG CM156","AND","LIFESCI 4",""
"MCD BIO 144","AND","LIFESCI 23L",""
"MGMT 222","AND","MGMT 403",""
"INDO 2","AND","INDO 1",""
"MATH 212A","AND","MATH 210A",""
"MECH&AE 107","OR","COM SCI 31","MECH&AE M20"
"MATH 131AH","AND","MATH 33B",""
"COMM ST 100","OR","PSYCH 10","LING 1"
"JAPAN 154","OR","COM LIT 1B","COM LIT 1C"
"KOREA 2A","AND","KOREA 1A",""
"CHEM C126A","AND","CHEM 113A",""
"LING 120B","AND","LING 20",""
"ENV HLT C200C","OR","ENV HLT C200A","ENV HLT C200B"
"ENGL 134","AND","ENGL 10C",""
"COM SCI 131","AND","COM SCI 35L",""
"ENGL 134","AND","ENGL 10A",""
"BIOENGR C185","AND","BIOENGR CM102",""
"CHEM 30AL","AND","CHEM 20B",""
"MCD BIO 193","OR","MCD BIO 199B","MCD BIO 199"
"GEOG M171","OR","STATS 13","STATS 14"
"NEUROSC 191H","AND","STATS 10",""
"ENGL 171C","AND","ENGL 10C",""
"ASTR 115","AND","MATH 32B",""
"EPS SCI 154","AND","PHYSICS 110A",""
"POL SCI 119","AND","POL SCI 10",""
"ASL 5","AND","ASL 4",""
"MECH&AE 107","AND","MECH&AE 82",""
"ITALIAN 3","AND","ITALIAN 2",""
"ENGL 150A","AND","ENGL 10B",""
"C&EE 102","AND","C&EE 101",""
"ENGL 129","AND","ENGL 10C",""
"JAPAN 5","AND","JAPAN 4",""
"EE BIOL 110","AND","LIFESCI 23L",""
"C&S BIO M186","AND","EL ENGR 102",""
"PHYSCI 149","AND","PHYSCI 111B",""
"GERMAN 5","AND","GERMAN 4",""
"MATH 3A","OR","MATH 1","Math Diagnostic Test"
"CH ENGR 104A","AND","CH ENGR 101B",""
"ANTHRO 135A","AND","ANTHRO 9",""
"LING 102","AND","LING 20",""
"ENVIRON M134","AND","ECON 101",""
"MSC HST 125E","AND","MSC HST 125D",""
"CHIN 151","OR","COM LIT 1A","COM LIT 1B"
"CHEM 113A","AND","PHYSICS 6B",""
"PSYCH M117B","OR","PSYCH 115","PHYSCI 111A"
"BIOSTAT 256","AND","BIOSTAT 255",""
"MUSC C167","OR","MUSC 164BF","MUSC 164BW"
"CHEM C143A","AND","CHEM 113A",""
"NURSING 205B","AND","NURSING 205A",""
"MATH 182","OR","MATH 32A","MATH 3C"
"HEBREW C140","AND","HEBREW 103B",""
"SOC WLF 402B","AND","SOC WLF 401B",""
"WL ARTS 177SL","AND","WL ARTS 103",""
"FILM TV C430","AND","FILM TV 431",""
"LING M146","OR","ANTHRO 33","LING 20"
"PHYSCI M180B","OR","PHYSCI M180A","PSYCH 115"
"ENGL 150B","AND","ENGL 10A",""
"ECON 148","AND","ECON 101",""
"ENGL 180","AND","ENGL 10B",""
"ECON M204M","AND","HLT POL M236",""
"SPAN 155C","OR","SPAN 25","SPAN 27"
"PSYCH 133E","AND","PSYCH 10",""
"MATH 269B","AND","MATH 151B",""
"THEATER 174C","AND","THEATER 174A",""
"MGMT 127A","AND","MGMT 1B",""
"ENGL 161C","AND","ENGL 10A",""
"COM SCI 136","AND","COM SCI 118",""
"MCD BIO 144","AND","LIFESCI 3",""
"ENGL M107A","OR","ENGCOMP 3","Satisfaction on Entry-Level Writing Requirement"
"MIMG 158","AND","MIMG 101",""
"EL ENGR 113DB","AND","EL ENGR 113DA",""
"MSC HST 12W","OR","English as A Second Language 36","Satisfaction on Entry-Level Writing Requirement"
"CHEM 113A","AND","PHYSICS 1A",""
"FILM TV 181C","AND","FILM TV 181A",""
"PHYSCI 111A","OR","PHYSICS 6B","PHYSICS 6CH"
"CHEM C274","AND","CHEM 30CL",""
"ENGL 4W","OR","ENGCOMP 3","English as A Second Language 36"
"KOREA 102B","OR","KOREA 6","KOREA 6A"
"MIL SCI 12","AND","MIL SCI 11",""
"MATH 174E","OR","MATH 170A","STATS 100A"
"CHEM 20BH","OR","MATH 31A","CHEM 20AH"
"WL ARTS 188SB","AND","WL ARTS 188SA",""
"CHEM C174","AND","CHEM 171",""
"MIMG 101","AND","LIFESCI 3",""
"MUSC 119B","AND","MUSC 20C",""
"CHEM 30C","AND","CHEM 30B",""
"GE CLST 66B","AND","GE CLST 66A",""
"MIMG 103BL","AND","MIMG 103AL",""
"C&EE 157B","AND","C&EE 155",""
"PSYCH 121","OR","PSYCH 120A","PSYCH 120B"
"ETHNMUS 71DW","AND","ETHNMUS 71DF",""
"ENGL 166B","AND","ENGL 10A",""
"COM SCI M185","AND","LIFESCI 4",""
"MATH 134","AND","MATH 33B",""
"NURSING 238C","AND","NURSING 238B",""
"PSYCH 100A","OR","COM SCI 2","MATH 2"
"STATS 20","OR","STATS 10","STATS 12"
"COM SCI 143","AND","COM SCI 111",""
"EE BIOL 193","OR","Ecology and Evolutionary Biology 198C","Ecology and Evolutionary Biology 198D"
"IRANIAN 103B","AND","IRANIAN 102C",""
"EPS SCI 139","OR","Earth and Space Sciences 1","Earth and Space Sciences 100"
"EPS SCI 136A","AND","PHYSICS 1B",""
"CHEM C123B","OR","CHEM 110B","CHEM 156"
"MECH&AE 154B","AND","MECH&AE 166A",""
"ARABIC 103B","AND","ARABIC 102A",""
"CH ENGR 104B","AND","CH ENGR 101C",""
"ENGL 150A","AND","ENGL 10A",""
"MATH 164","AND","MATH 131A",""
"COM SCI M152A","AND","COM SCI M51A",""
"PSYCH 116","AND","PSYCH 115",""
"PHYSICS 18L","AND","PHYSICS 17",""
"PSYCH 131","OR","PSYCH 133F","PSYCH 133G"
"MATH 32BH","AND","MATH 31B",""
"BIOENGR 180","AND","PHYSICS 1C",""
"MCD BIO 193","OR","MCD BIO 199A","MCD BIO 199B"
"INF STD 188SB","AND","HNRS 101E",""
"JAPAN CM122","OR","JAPAN 3","JAPAN 8"
"MUSC C167","OR","MUSC 164CW","MUSC 164CS"
"PSYCH 136A","AND","PSYCH 100B",""
"RELIGN M60W","OR","English as A Second Language 36","Satisfaction on Entry-Level Writing Requirement"
"C&EE 151","AND","C&EE 150",""
"PHYSCI 111A","AND","LIFESCI 3",""
"MATH 106","AND","MATH 32A",""
"COM SCI 112","OR","STATS 100A","C&EE 110"
"MCD BIO 196A","AND","LIFESCI 3",""
"NURSING 429A","AND","NURSING 440",""
"ECON M134","AND","ECON 101",""
"EPS SCI 136A","OR","MATH 3C","MATH 31A"
"PHYSICS 87","AND","LIFESCI 3",""
"EE BIOL 170","OR","CHEM 14D","CHEM 30B"
"MATH 184","AND","MATH 31B",""
"ECON 131","AND","ECON 11",""
"VIETMSE 5","AND","VIETMSE 4",""
"ANTHRO 150","AND","ANTHRO 9",""
"MCD BIO 193","OR","MCD BIO 198B","MCD BIO 198C"
"CH ENGR 108A","OR","CH ENGR 103","CH ENGR C125"
"MECH&AE 182B","AND","MECH&AE 82",""
"ENGL 97H","AND","ENGL 4W",""
"MATH 132H","AND","MATH 131A",""
"DANCE 117C","AND","DANCE 16",""
"MAT SCI 131L","AND","MAT SCI 131",""
"EE BIOL 170","AND","LIFESCI 4",""
"POL SCI 123A","AND","POL SCI 20",""
"POL SCI 200CL","AND","POL SCI 200A",""
"LING 185A","AND","LING 120B",""
"MGMT 260B","AND","MGMT 411",""
"CHEM 20L","AND","CHEM 20B",""
"PSYCH 131","OR","PSYCH 133C","PSYCH 133D"
"MCD BIO 104AL","AND","LIFESCI 3",""
"THEATER C163D","AND","THEATER 163B",""
"PSYCH C194D","AND","PSYCH 185",""
"EPS SCI 116","OR","LIFESCI 1","LIFESCI 2"
"A&O SCI 145","AND","PHYSICS 6B",""
"MATH 175","AND","MATH 32B",""
"ECON 131L","AND","ECON 131",""
"STATS 141SL","AND","STATS 140SL",""
"EDUC 188SB","AND","EDUC 188SA",""
"MSC HST M6B","AND","MSC HST M6A",""
"MATH 61","AND","MATH 31A",""
"ECON 131","AND","ECON 101",""
"MECH&AE 157","AND","MECH&AE 103",""
"C&EE 157L","AND","C&EE 150",""
"ECON 141","AND","ECON 11",""
"THEATER 173A","AND","THEATER 14B",""
"C&EE 102","AND","PHYSICS 1B",""
"PHYSCI 167","AND","CHEM 14A",""
"LING 120C","AND","LING 120B",""
"CHEM 188SB","AND","HNRS 101E",""
"HIST 96W","OR","ENGCOMP 3","English as A Second Language 36"
"ENGL 137","AND","ENGL 4W",""
"DANCE 117C","AND","DANCE 67A",""
"MATH 103A","AND","MATH 31B",""
"ENVIRON M1B","AND","ENVIRON M1A",""
"ETHNMUS 171GW","AND","ETHNMUS 171GF",""
"ENGL 177","AND","ENGL 10B",""
"PHYSCI 167","AND","CHEM 30A",""
"MAT SCI 131","AND","MAT SCI 130",""
"ECON M135","OR","POL SCI 6","POL SCI 10"
"PSYCH 131","OR","PSYCH 133B","PSYCH 133C"
"COM HLT 225","AND","COM HLT 219",""
"CHICANO M146","OR","SPAN 25","SPAN 27"
"NEUROSC M101B","OR","PSYCH 115","PHYSCI 111A"
"NURSING 162A","AND","NURSING 150A",""
"COM SCI CM122","OR","MATH 170A","STATS 100A"
"ENGL 173A","AND","ENGL 10C",""
"LIFESCI 192D","AND","LIFESCI 30A",""
"PSYCH 110","AND","PSYCH 10",""
"MATH 114C","OR","MATH 110A","MATH 131A"
"KOREA C105B","AND","KOREA 101C",""
"STATS 201B","AND","STATS 201A",""
"NURSING 171","AND","NURSING 465D",""
"MECH&AE 162D","AND","MECH&AE 94",""
"C&EE 121","AND","C&EE 120",""
"ENGL M105B","OR","ENGCOMP 3","English as A Second Language 36"
"EL ENGR M116C","AND","EL ENGR M16",""
"PSYCH 186C","AND","PSYCH 100A",""
"POL SCI 135","AND","POL SCI 20",""
"MECH&AE M168","OR","MECH&AE 166A","C&EE 130"
"MGMT 263A","AND","MGMT 411",""
"PHYSCI 111L","AND","PHYSCI 111A",""
"THEATER 173A","AND","THEATER 14A",""
"ENGCOMP  A","AND","Demonstrated Proficiency on Analytical Writing Placement Exam",""
"FILM TV 287B","AND","FILM TV 287A",""
"COMM ST M72B","AND","COMM ST M72A",""
"MECH&AE 133A","AND","MECH&AE 105A",""
"THEATER C456B","AND","THEATER 147A",""
"PHYSICS 1A","AND","MATH 31A",""
"EPS SCI 136A","AND","MATH 3B",""
"CHEM C115B","AND","MATH 31B",""
"MATH 120A","AND","MATH 131A",""
"JAPAN 154","OR","COM LIT 1A","COM LIT 1B"
"LING 127","AND","LING 20",""
"LIFESCI 23L","AND","LIFESCI 2",""
"C&EE 147","AND","C&EE 141",""
"NURSING 162D","AND","NURSING 162A",""
"CH ENGR 101B","AND","CH ENGR 101A",""
"BIOMATH 299","AND","BIOMATH M260B",""
"SPAN 130","AND","SPAN 25",""
"PSYCH 115","OR","LIFESCI 2","LIFESCI 2W"
"SOCIOL 289A","AND","SOCIOL 244A",""
"ETHNMUS 183","AND","ETHNMUS 20C",""
"APPLING 101W","OR","ENGCOMP 3","English as A Second Language 36"
"COM LIT 4DW","OR","ENGCOMP 3","English as A Second Language 36"
"CHEM CM160B","OR","C&EE 110","EL ENGR 131A"
"EL ENGR 112","AND","EL ENGR 110",""
"PSYCTRY 188SB","AND","HNRS 101E",""
"MIMG 10","OR","MATH 31A","LIFESCI 30A"
"CHEM CM260B","OR","C&EE 110","EL ENGR 131A"
"ENGL 162A","AND","ENGL 10A",""
"CHEM 110A","AND","CHEM 20B",""
"STATS M171","OR","STATS 11","STATS 12"
"ENGL M191C","OR","ENGCOMP 3","English as A Second Language 36"
"POL SCI 147C","AND","POL SCI 40",""
"GE CLST 21B","AND","GE CLST 21A",""
"BIOSTAT 100B","AND","BIOSTAT 100A",""
"MATH 103A","AND","MATH 33A",""
"EPIDEM 233","AND","EPIDEM 200B",""
"TURKIC 102B","AND","TURKIC 101B",""
"PSYCH 112D","AND","PSYCH 10",""
"PSYCH 119A","OR","PSYCH 115","PSYCH M117C"
"PHYSCI 111A","AND","PHYSCI 107",""
"ETHNMUS 183","AND","ETHNMUS 20A",""
"POL SCI 200C","AND","POL SCI 200B",""
"ENGL 164C","AND","ENGL 10A",""
"ANTHRO 115Q","AND","ANTHRO 8",""
"PSYCH 131","OR","PSYCH 133D","PSYCH 133E"
"ENGL 129","AND","ENGL 10A",""
"MCD BIO 198B","AND","MCD BIO 198A",""
"FRNCH 12","AND","FRNCH 6",""
"MECH&AE 183A","AND","MAT SCI 104",""
"MCD BIO 138","AND","LIFESCI 23L",""
"ENGL 119","OR","English as A Second Language 36","Satisfaction on Entry-Level Writing Requirement"
"PSYCH 196A","OR","PSYCH 194A","PSYCH 194B"
"MGMT 406","AND","MGMT 402",""
"BIOENGR 177B","AND","BIOENGR 177A",""
"EL ENGR 132A","AND","EL ENGR 113",""
"PSYCH 186B","AND","PSYCH 85",""
"EPS SCI 136A","AND","MATH 32A",""
"ENGL M105E","OR","English as A Second Language 36","Satisfaction on Entry-Level Writing Requirement"
"PHYSCI 149","AND","PHYSCI 111A",""
"PHYSCI 111A","OR","CHEM 14C","CHEM 30A"
"ECON 41","AND","MATH 31A",""
"EE BIOL 193","OR","Ecology and Evolutionary Biology 198B","Ecology and Evolutionary Biology 198C"
"ETHNMUS 20B","AND","MUSC 20C",""
"COM SCI 111","AND","COM SCI 35L",""
"PSYCH 110","AND","PSYCH 100A",""
"MCD BIO 199B","AND","MCD BIO 199A",""
"GERMAN 2","AND","GERMAN 1",""
"EE BIOL 100L","AND","Ecology and Evolutionary Biology 100",""
"ART 140","AND","ART 11C",""
"PHILOS C110","AND","PHILOS 21",""
"ETHNMUS 171CW","AND","ETHNMUS 171CF",""
"MATH 220B","AND","MATH M114S",""
"EE BIOL C126","OR","MATH 3C","MATH 32A"
"CHEM 20BH","AND","MATH 31B",""
"PHYSCI 167","OR","CHEM 14D","CHEM 20A"
"EL ENGR 132A","AND","EL ENGR 102",""
"ENGL 153","AND","ENGL 10A",""
"BIOENGR 120","AND","EL ENGR 100",""
"MATH 132H","AND","MATH 33B",""
"FILM TV 410E","AND","FILM TV 410C",""
"CHIN 100E","AND","CHIN 100D",""
"EE BIOL 170","AND","PHYSICS 1C",""
"GEOG 100","AND","GEOG 1",""
"POL SCI 146E","AND","POL SCI 40",""
"ENGL 121","AND","ENGL 10B",""
"PHYSICS 87","OR","MATH 3C","MATH 31A"
"CHEM 14CL","AND","CHEM 14BL",""
"STATS 140SL","AND","STATS 101B",""
"ECON 102","AND","ECON 101",""
"COM SCI 180","AND","COM SCI 32",""
"CHICANO M167SL","OR","SPAN 25","SPAN 27"
"A&O SCI 145","AND","PHYSICS 6C",""
"ECON 106VL","AND","ECON 102",""
"SPAN 191C","AND","SPAN 119",""
"PSYCH 131","OR","PSYCH 133G","PSYCH 133I"
"C&EE 128L","AND","C&EE 120",""
"ENGR 185EW","OR","English as A Second Language 36","Satisfaction on Entry-Level Writing Requirement"
"EPS SCI 136A","OR","PHYSICS 4BL","PHYSICS 6A"
"MATH 170A","AND","MATH 33A",""
"MATH 33A","OR","MATH 31B","MATH 32A"
"ENGL 97H","OR","ENGCOMP 3","English as A Second Language 36"
"PSYCH 112C","AND","PSYCH 110",""
"MATH 32BH","AND","MATH 32A",""
"PSYCH 186B","AND","MATH 31A",""
"EE BIOL 170","OR","MATH 32A","LIFESCI 30B"
"CHEM 30CL","AND","CHEM 30BL",""
"TURKIC 101B","AND","TURKIC 101A",""
"CHICANO M174B","AND","CHICANO M174A",""
"ASIA AM 140SL","OR","ASIA AM 20","ASIA AM 40"
"PSYCH 112C","OR","PSYCH 115","NEUROSC M101A"
"EPS SCI 112","AND","Earth and Space Sciences 61",""
"DANCE C415","AND","DANCE 65",""
"NURSING 162D","AND","NURSING 162C",""
"DANCE C115","AND","DANCE 65",""
"EE BIOL 153","AND","LIFESCI 1",""
"MATH 132","AND","MATH 32B",""
"COM LIT 4DW","OR","English as A Second Language 36","Satisfaction on Entry-Level Writing Requirement"
"PHYSICS 87","AND","MATH 32A",""
"EL ENGR 183DA","OR","EL ENGR M16","COM SCI M51A"
"MUSC 66W","AND","MUSC 20C",""
"CHEM C115B","AND","MATH 32A",""
"ENVIRON M134","OR","STATS 12","STATS 13"
"PSYCH 256A","AND","PSYCH 250C",""
"SPAN 191C","AND","SPAN 120",""
"ENGL 138","AND","ENGL 4W",""
"MATH 174E","AND","MATH 33A",""
"THEATER C155A","AND","THEATER 147A",""
"EL ENGR 131A","AND","MATH 33B",""
"CHEM 110A","AND","PHYSICS 1BH",""
"MECH&AE 171A","AND","MECH&AE 107",""
"EPS SCI 136A","AND","MATH 31B",""
"COM SCI M151B","AND","COM SCI M51A",""
"MATH 31A","OR","MATH 1","Math Diagnostic Test"
"ENGL 137","OR","English as A Second Language 36","Satisfaction on Entry-Level Writing Requirement"
"ENGL 188SB","AND","ENGL 188SA",""
"DANCE C222","AND","DANCE 67B",""
"POL SCI M105","OR","POL SCI 6","POL SCI 10"
"S ASIAN 110B","AND","S ASIAN 110A",""
"CHEM 113A","AND","CHEM 20B",""
"COM SCI CM122","OR","BIOSTAT 110A","MATH 170A"
"PSYCH 131","AND","PSYCH 100A",""
"ENGL 141","AND","ENGL 10A",""
"MGMT 127B","AND","MGMT 1B",""
"ECON 131L","AND","ECON 101",""
"MATH 172B","AND","MATH 175",""
"ART 145","AND","ART 1B",""
"SURGERY 188SB","AND","SURGERY 188SA",""
"EPIDEM 413","OR","EPIDEM 100","EPIDEM 200A"
"LIFESCI 192A","AND","LIFESCI 23L",""
"FILM TV 175B","AND","FILM TV 175A",""
"PHILOS 22W","OR","English as A Second Language 36","Satisfaction on Entry-Level Writing Requirement"
"MUSC 166W","AND","MUSC 66F",""
"MGMT 1B","AND","MGMT 1A",""
"ENGL 179","AND","ENGL 10B",""
"EL ENGR 111L","AND","EL ENGR 110",""
"MECH&AE 102","AND","MECH&AE 96",""
"COMPTNG 10B","AND","COMPTNG 10A",""
"CHEM 30BL","AND","CHEM 30B",""
"GEOG M171","OR","STATS 12","STATS 13"
"ENGL 150B","AND","ENGL 10B",""
"ENGL 118B","OR","ENGCOMP 3","English as A Second Language 36"
"MATH 172C","AND","MATH 172B",""
"MATH 151A","AND","MATH 33B",""
"PHYSICS 4AL","AND","PHYSICS 1B",""
"EL ENGR 163DA","AND","EL ENGR 101A",""
"MGMT 295D","AND","MGMT 295A",""
"COM LIT 2CW","OR","English as A Second Language 36","Satisfaction on Entry-Level Writing Requirement"
"CHEM 113A","AND","PHYSICS 1B",""
"PSYCH 112C","AND","NEUROSC M101B",""
"CAEM M250","OR","MAT SCI M216","MAT SCI C112"
"MGMT 430","AND","MGMT 408",""
"MATH 151B","AND","MATH 151A",""
"MIMG 188SB","AND","MIMG 188SA",""
"STATS C173","OR","STATS 100C","STATS 101B"
"THEATER 174B","AND","THEATER 174A",""
"PSYCH 194B","AND","PSYCH 196A",""
"THEATER C157B","AND","THEATER C157A",""
"COMPTNG 10C","AND","COMPTNG 10B",""
"ASTR 81","AND","MATH 31B",""
"CHEM C115B","AND","CHEM 113A",""
"COM SCI M151B","AND","COM SCI 33",""
"ETHNMUS 171EW","AND","ETHNMUS 171EF",""
"ENGL 118B","OR","English as A Second Language 36","Satisfaction on Entry-Level Writing Requirement"
"CHEM C265","AND","CHEM 153B",""
"ECON 11","AND","ECON 1",""
"ENGL 139","OR","ENGCOMP 3","English as A Second Language 36"
"EPS SCI 211","AND","PHYSICS 131",""
"MAT SCI 122","AND","MAT SCI 104",""
"URBN PL M272","AND","URBN PL 220A",""
"POL SCI 172","AND","POL SCI 30",""
"AFRKAAN 40","OR","ENGCOMP 3","English as A Second Language 36"
"POL SCI 200CL","AND","POL SCI 200C",""
"MIMG 109AL","AND","LIFESCI 23L",""
"EPIDEM M252","OR","EPIDEM 100","EPIDEM 200A"
"BIOENGR 100","AND","PHYSICS 1B",""
"EPIDEM 292","AND","EPIDEM 200A",""
"COM LIT 2CW","OR","ENGCOMP 3","English as A Second Language 36"
"CHEM 154","AND","CHEM 153B",""
"CHEM 192A","OR","CHEM 30AL","SCI EDU 100SL"
"PHYSCI 167","AND","CHEM 20B",""
"MCD BIO 144","AND","LIFESCI 4",""
"MUSC 119B","AND","MUSC 20A",""
"ASIA AM M117","AND","PSYCH 10",""
"LIFESCI 30B","AND","LIFESCI 30A",""
"ENGL 136","OR","English as A Second Language 36","Satisfaction on Entry-Level Writing Requirement"
"CHICANO M105E","OR","English as A Second Language 36","Satisfaction on Entry-Level Writing Requirement"
"ECON 107","AND","ECON 101",""
"SOCIOL 102","AND","SOCIOL 101",""
"ENGCOMP 3","OR","ENGCOMP 2","ENGCOMP 2I"
"DANCE 117A","AND","DANCE 67B",""
"MIMG 109AL","AND","LIFESCI 4",""
"LING 185A","OR","COMPTNG 10B","COM SCI 32"
"CHEM 110A","AND","PHYSICS 6B",""
"ENV HLT M211","OR","EPIDEM 100","EPIDEM 200A"
"THEATER C404I","AND","THEATER 14B",""
"DANCE C222","AND","DANCE 67A",""
"MATH 103A","AND","MATH 33B",""
"EDUC M145B","AND","EDUC M145A",""
"CHEM C165","AND","CHEM 153B",""
"ITALIAN 116B","AND","ITALIAN 100",""
"CHIN 151","OR","COM LIT 1B","COM LIT 1C"
"MUSC 66W","AND","MUSC 20B",""
"EL ENGR 113DB","AND","EL ENGR 113",""
"FILM TV 163","AND","FILM TV 101A",""
"PHYSICS 1C","AND","PHYSICS 1A",""
"CAEM 239","AND","Conservation of Archaeological and Ethnographic Materials 263",""
"NURSING 115","AND","NURSING 54A",""
"EPS SCI 136A","AND","PHYSICS 1A",""
"PSYCH 130","AND","PSYCH 100A",""
"EPS SCI 211","AND","PHYSICS 110A",""
"ECON M135","OR","POL SCI 10","POL SCI 20"
"KOREA 2","AND","KOREA 1",""
"BIOSTAT 202B","AND","BIOSTAT 202A",""
"MUSC M6B","AND","MUSC M6A",""
"COM SCI CM122","OR","STATS 100A","C&EE 110"
"MIMG 109AL","AND","LIFESCI 3",""
"PHYSCI M180B","OR","PSYCH 115","PHYSCI 111A"
"MUSCLG M201","AND","MUSCLG 200A",""
"HEBREW C240","AND","HEBREW 103B",""
"MATH 110A","AND","MATH 115A",""
"MUSC 110B","AND","MUSC 110A",""
"CHEM 20BH","AND","CHEM 20A",""
"ENGL 171C","AND","ENGL 10A",""
"CHEM 153B","OR","CHEM 153A","CHEM 153AH"
"PSYCH 188SB","AND","HNRS 101E",""
"MGMT 458B","AND","MGMT 458A",""
"A&O SCI 1L","AND","Atmospheric and Oceanic Sciences 1",""
"MIMG 185A","AND","LIFESCI 3",""
"SOC GEN 105A","OR","SOC GEN M71A","SOC GEN M72A"
"THEATER C404I","AND","THEATER 14A",""
"PHYSICS 6A","AND","MATH 3B",""
"HEBREW 1B","AND","HEBREW 1A",""
"COM SCI 111","AND","COM SCI 33",""
"MATH 151A","AND","MATH 32B",""
"ENGL 177","AND","ENGL 10C",""
"GLBL ST 100A","AND","GLBL ST 1",""
"MGMT 267","AND","MGMT 402",""
"ENV HLT M211","AND","EPIDEM 200C",""
"PHILOS 184","AND","PHILOS 21",""
"EE BIOL 153","AND","CHEM 14B",""
"ENGL 10C","OR","Satisfaction on Entry-Level Writing Requirement","ENGCOMP 3"
"ENGL M191C","OR","English as A Second Language 36","Satisfaction on Entry-Level Writing Requirement"
"GERMAN 4","AND","GERMAN 3",""
"A&O SCI 103","OR","MATH 3B","MATH 31B"
"HEBREW C140","AND","HEBREW 103A",""
"PHYSICS 17","AND","MATH 32B",""
"ECON 106EL","AND","ECON 106E",""
"MATH 132H","AND","MATH 32B",""
"PHYSICS 18L","AND","PHYSICS 1A",""
"COM SCI 111","AND","COM SCI 32",""
"ENGL 170C","AND","ENGL 10C",""
"LIFESCI 3","AND","LIFESCI 23L",""
"ECON 11","AND","MATH 31A",""
"EDUC M190","AND","EDUC M104",""
"CHEM 30AL","AND","CHEM 30A",""
"ECON 41","AND","MATH 31B",""
"ASTR 81","OR","PHYSICS 1A","PHYSICS 1AH"
"ASTR 81","AND","MATH 31A",""
"PHYSCI 167","AND","CHEM 14B",""
"MGMT 120B","AND","MGMT 120A",""
"EL ENGR M116L","AND","EL ENGR M16",""
"EPS SCI 211","AND","PHYSICS 112",""
"PSYCH 135","AND","PSYCH 10",""
"MATH 120A","AND","MATH 115A",""
"COM SCI 130","AND","COM SCI 111",""
"COM LIT 2DW","OR","ENGCOMP 3","English as A Second Language 36"
"ANTHRO M140","OR","ANTHRO 33","LING 20"
"CHEM C265","AND","CHEM 153A",""
"DANCE C122","AND","DANCE 67B",""
"M PHARM M262B","AND","M PHARM M262A",""
"ANTHRO 111","AND","ANTHRO 8",""
"CHEM C215B","AND","MATH 32A",""
"ENV HLT 202","AND","ENV HLT C200A",""
"MATH 105B","OR","MATH 123","MATH 120A"
"C&EE 151","AND","MECH&AE 103",""
"ECON 111","AND","ECON 103",""
"MCD BIO CM156","AND","LIFESCI 23L",""
"GE CLST M72B","AND","GE CLST M72A",""
"SPAN 27","AND","SPAN 5",""
"ECON 2","AND","ECON 1",""
"PSYCH 126","OR","PSYCH 127A","PSYCH 127B"
"EPS SCI 136A","AND","PHYSICS 6C",""
"ASTR 115","AND","MATH 33B",""
"LIFESCI 192F","AND","LIFESCI 3",""
"ECON 103L","OR","STATS 100A","MATH 170A"
"SCAND 50W","OR","English as A Second Language 36","Satisfaction on Entry-Level Writing Requirement"
"STATS M250","AND","EPIDEM 200C",""
"PSYCH 130","AND","PSYCH 10",""
"CHEM C115B","AND","MATH 32B",""
"ENGL M107B","OR","ENGCOMP 3","Satisfaction on Entry-Level Writing Requirement"
"PSYCH 191BH","AND","PSYCH 198",""
"C&EE 108","AND","PHYSICS 1A",""
"PSYCH 451","AND","PSYCH 401",""
"MGMT 231C","AND","MGMT 408",""
"MCD BIO 165A","AND","LIFESCI 3",""
"STATS 188SB","AND","STATS 188SA",""
"CHEM 192A","AND","CHEM 14BL",""
"THEATER C155E","OR","THEATER 147A","THEATER 147B"
"NURSING 467","AND","NURSING 462",""
"EPIDEM 292","AND","EPIDEM 200B",""
"ENGL 125","OR","English as A Second Language 36","Satisfaction on Entry-Level Writing Requirement"
"CHEM 192B","OR","CHEM 30AL","SCI EDU 100SL"
"EL ENGR 111L","AND","EL ENGR 11L",""
"MATH 131B","AND","MATH 131A",""
"BMD RES 188SB","AND","BMD RES 188SA",""
"BIOENGR 120","AND","MATH 32B",""
"EPIDEM 200B","AND","BIOSTAT 100A",""
"MSC HST 125E","AND","MSC HST M6B",""
"GREEK 105","AND","GREEK 100",""
"ENV HLT 261","AND","ENV HLT C200A",""
"COMM ST 100","OR","COMM ST 10","PSYCH 10"
"ENGR 183EW","OR","English as A Second Language 36","Satisfaction on Entry-Level Writing Requirement"
"ENGL 137","OR","Satisfaction on Entry-Level Writing Requirement","ENGCOMP 3"
"COM HLT 276","AND","HLT POL 100",""
"PSYCH 270B","AND","PSYCH 271B",""
"PHYSCI 111A","AND","LIFESCI 4",""
"EPIDEM 412","AND","BIOSTAT 100A",""
"THEATER 131A","AND","THEATER 130A",""
"MECH&AE 150A","AND","MECH&AE 103",""
"ENGL 145","AND","ENGL 10B",""
"I A STD M15B","AND","I A STD M15A",""
"EL ENGR 115C","AND","EL ENGR 115A",""
"MGMT 231E","OR","MGMT 230","MGMT 430"
"CAEM M250","OR","Conservation of Archaeological and Ethnographic Materials M210","MAT SCI M216"
"HEBREW 103B","AND","HEBREW 102C",""
"EPS SCI 136A","AND","PHYSICS 6B",""
"CHEM 156","AND","CHEM 110A",""
"MUSC 110B","AND","MUSC 120A",""
"ENGL 138","OR","Satisfaction on Entry-Level Writing Requirement","ENGCOMP 3"
"EL ENGR 170A","AND","EL ENGR 2",""
"STATS 100B","OR","STATS 100A","MATH 170A"
"CHEM CM260B","OR","BIOSTAT 100A","BIOSTAT 110A"
"NURSING 445","AND","NURSING 220",""
"NURSING 171","AND","NURSING 464",""
"PUB HLT 188SB","AND","PUB HLT 188SA",""
"INTL DV 191","AND","INTL DV M120",""
"CHEM 14A","OR","MATH 3A","MATH 31A"
"MECH&AE 102","AND","PHYSICS 1A",""
"PSYCH 136A","AND","PSYCH 135",""
"CHEM 188SB","AND","CHEM 188SA",""
"STATS 100A","AND","MATH 32B",""
"COM SCI 112","AND","COM SCI 111",""
"PUB PLC M268","AND","BIOSTAT 100A",""
"EE BIOL C242","AND","LIFESCI 1",""
"CHIN 151","OR","ENGCOMP 3","English as A Second Language 36"
"PHYSICS 1C","AND","MATH 33A",""
"STATS C180","AND","STATS 100B",""
"SOC WLF 202B","AND","SOC WLF 201B",""
"ENV HLT 202","AND","ENV HLT C200B",""
"C&EE 135B","AND","C&EE 135A",""
"CHEM C215B","AND","MATH 32B",""
"ASIA AM 30W","OR","ENGCOMP 3","English as A Second Language 36"
"EE BIOL 170","AND","LIFESCI 1",""
"ART 147","AND","ART 11B",""
"CHIN 151","OR","COM LIT 1C","COM LIT 1D"
"EE BIOL 193","OR","Ecology and Evolutionary Biology 198A","Ecology and Evolutionary Biology 198B"
"LIFESCI 192E","AND","LIFESCI 30A",""
"CH ENGR C112","AND","CHEM 30A",""
"MATH 174E","AND","ECON 11",""
"WL ARTS C180","AND","WL ARTS 80",""
"CLASSIC 191","AND","CLASSIC 10",""
"CHEM C126A","AND","CHEM 110A",""
"ENGL 111A","OR","ENGCOMP 3","English as A Second Language 36"
"EL ENGR 102","AND","MATH 33A",""
"FILM TV 102B","AND","FILM TV 102A",""
"MAT SCI 143A","AND","MAT SCI 104",""
"ENGL 120","AND","ENGL 10A",""
"ENGL 162A","AND","ENGL 10B",""
"NEUROSC 188SB","AND","NEUROSC 188SA",""
"FILM TV C154B","AND","FILM TV 185",""
"MATH 171","OR","MATH 170A","STATS 100A"
"PSYCH M117B","AND","LIFESCI 3",""
"EPS SCI 136A","AND","EPS SCI 71",""
"NURSING 239A","AND","NURSING 200",""
"MCD BIO 104AL","AND","LIFESCI 4",""
"LING 132","AND","LING 20",""
"ECON 107","AND","ECON 11",""
"CHEM 153C","OR","CHEM 153A","CHEM 153AH"
"PHYSICS 1BH","OR","PHYSICS 1AH","PHYSICS 1A"
"BIOINFO M260B","OR","MATH 170A","STATS 100A"
"THEATER C152B","AND","THEATER 14A",""
"NURSING 467","AND","NURSING 464",""
"THEATER C456A","AND","THEATER 147A",""
"ENGCOMP 1B","OR","ENGCOMP 1A","Demonstrated Proficiency on Analytical Writing Placement Exam or English as a Second Language Placement Exam"
"JAPAN 2","AND","JAPAN 1",""
"ECON 131L","AND","ECON 103",""
"NURSING 254B","AND","NURSING 254A",""
"EE BIOL 110","AND","LIFESCI 3",""
"MGMT 294","OR","MGMT 405","ECON 201A"
"MUSC 188SB","AND","HNRS 101E",""
"PSYCH 134E","AND","PSYCH 134B",""
"LING 165B","AND","LING 120B",""
"PHYSICS 87","AND","PHYSICS 1B",""
"LIFESCI 192E","AND","LIFESCI 30B",""
"LIFESCI 4","OR","CHEM 14A","CHEM 20A"
"PHYSCI 111A","AND","LIFESCI 2",""
"GE CLST 20B","AND","GE CLST 20A",""
"PSYCH 134B","AND","PSYCH 10",""
"EL ENGR 121DA","AND","EL ENGR 121B",""
"THEATER 173B","AND","THEATER 14B",""
"SOCIOL 113","AND","STATS 10",""
"CH ENGR 108A","OR","CH ENGR 106","CH ENGR C115"
"CHEM 30CL","AND","CHEM 30B",""
"MSC HST 12W","OR","ENGCOMP 3","English as A Second Language 36"
"HNRS 11W","OR","ENGCOMP 3","English as A Second Language 36"
"DESMA 157","AND","Design / Media Arts 22",""
"PSYCH 186C","AND","PSYCH 100B",""
"THEATER C163D","AND","THEATER 163C",""
"EE BIOL 153","AND","CHEM 14A",""
"EL ENGR 131A","AND","EL ENGR 102",""
"ENGL 179","AND","ENGL 10C",""
"CHEM 14BL","AND","CHEM 14B",""
"PHILOS 175","OR","PHILOS 21","PHILOS 22"
"URBN PL M272","AND","URBN PL 220B",""
"COMPTNG 16","AND","COMPTNG 10A",""
"ENV HLT 209","AND","ENV HLT C200B",""
"FILM TV 135B","AND","FILM TV 135A",""
"ENGL 110A","AND","ENGL 10B",""
"VIETMSE 2","AND","VIETMSE 1",""
"PSYCH 136A","AND","PSYCH 10",""
"MECH&AE 157","AND","MECH&AE 96",""
"MATH 155","AND","MATH 33B",""
"EDUC 188SB","AND","HNRS 101E",""
"ARABIC 103B","AND","ARABIC 102B",""
"MUSC 166W","AND","MUSC 66S",""
"LBR&WS M166B","AND","LBR&WS M166A",""
"BIOENGR C185","AND","CHEM 20A",""
"ETHNMUS 71FW","AND","ETHNMUS 71FF",""
"PSYCH 401","AND","PSYCH 271C",""
"MCD BIO 193","OR","MCD BIO 198A","MCD BIO 198B"
"EPIDEM 292","AND","EPIDEM 200C",""
"FRNCH 3","AND","FRNCH 2",""
"PSYCH 121","AND","PSYCH 10",""
"EE BIOL 116","AND","LIFESCI 1",""
"MIMG 185A","AND","LIFESCI 4",""
"THAI 2","AND","THAI 1",""
"TURKIC 102B","AND","TURKIC 101C",""
"CHIN 100B","AND","CHIN 100A",""
"MAT SCI 120","AND","MAT SCI 104",""
"ENGL 180R","AND","ENGL 10A",""
"NEUROSC 188SB","AND","HNRS 101E",""
"CHEM CM160B","OR","BIOSTAT 110A","MATH 170A"
"EE BIOL 110","AND","LIFESCI 2",""
"ENGL 10C","AND","ENGL 10A",""
"MATH 32A","AND","MATH 31A",""
"EL ENGR 163DA","AND","EL ENGR 101B",""
"NURSING 162D","AND","NURSING 162B",""
"INF STD 298B","AND","INF STD 298A",""
"INDO 100B","AND","INDO 100A",""
"PHYSCI 187A","AND","PHYSCI 111A",""
"COM SCI 118","AND","COM SCI 111",""
"ENGL 179","AND","ENGL 10A",""
"MAT SCI 104","AND","CHEM 20L",""
"ENGL 180","AND","ENGL 10C",""
"CHEM C265","AND","CHEM 153C",""
"GEOG 145","OR","GEOG 4","ANTHRO 9"
"MATH 33AH","OR","MATH 32A","MATH 3B"
"LING 165C","AND","LING 120C",""
"GRNTLGY M119O","AND","PSYCH 115",""
"NURSING 429A","AND","NURSING 200",""
"PSYCH 133E","AND","PSYCH 100A",""
"BIOSTAT 256","AND","BIOSTAT 202A",""
"CHICANO M15B","AND","CHICANO M15A",""
"GE CLST 73B","AND","GE CLST 73A",""
"THEATER 180","AND","THEATER 101A",""
"MATH 110B","OR","MATH 110A","MATH 117"
"BIOENGR C107","OR","BIOENGR C104","BIOENGR C105"
"COM SCI 172","AND","COM SCI 32",""
"PSYCH 131","OR","PSYCH 133E","PSYCH 133F"
"POL SCI M105","OR","POL SCI 20","POL SCI 30"
"EPIDEM M252","AND","EPIDEM 200B",""
"EE BIOL 185","AND","LIFESCI 1",""
"NURSING 416D","AND","NURSING 416C",""
"ETHNMUS 127B","AND","ETHNMUS 127A",""
"PHYSCI 187A","OR","PHYSCI 111B","NEUROSC M101A"
"STATS 140SL","AND","STATS 130",""
"EE BIOL 115","AND","LIFESCI 1",""
"LIFESCI 4","AND","LIFESCI 3",""
"C&S BIO M185","AND","MATH 33A",""
"ETHNMUS 71GW","AND","ETHNMUS 71GF",""
"ENGL 169","AND","ENGL 10A",""
"VIETMSE 100B","AND","VIETMSE 6",""
"EE BIOL 110","AND","LIFESCI 1",""
"MATH 184","AND","MATH 61",""
"INF STD 434","AND","INF STD 431",""
"ETHNMUS 183","AND","ETHNMUS 10B",""
"CHEM 153L","OR","CHEM 153A","CHEM 153AH"
"DESMA 157","OR","Design / Media Arts 101","Design / Media Arts 104"
"ENGL M101C","OR","ENGCOMP 3","Satisfaction on Entry-Level Writing Requirement"
"MATH 155","AND","COMPTNG 10A",""
"EPS SCI 240","OR","Earth and Space Sciences 200C","PHYSICS 210A"
"EL ENGR 180DB","AND","EL ENGR 180DA",""
"MCD BIO M175B","OR","NEUROSC M101A","PSYCH 115"
"ENGL 10B","AND","ENGL 4W",""
"CH ENGR 107","AND","CH ENGR 101C",""
"CHEM C215B","AND","MATH 31B",""
"MATH 269B","AND","MATH 115A",""
"CH ENGR 107","OR","CH ENGR 106","CH ENGR C115"
"BIOSTAT 201B","AND","BIOSTAT 201A",""
"NURSING 239A","AND","NURSING 231",""
"MATH 142","AND","MATH 33B",""
"NURSING 438C","AND","NURSING 238C",""
"INTL DV 191","AND","INTL DV 130",""
"ENGL 140B","AND","ENGL 10B",""
"HEBREW 103B","AND","HEBREW 102B",""
"MIMG 10","OR","LIFESCI 30A","LIFESCI 30B"
"POL SCI M105","OR","POL SCI 10","POL SCI 20"
"PHYSICS 6C","AND","PHYSICS 6B",""
"MATH 115B","AND","MATH 115A",""
"C&EE 156B","AND","CHEM 20A",""
"EE BIOL 153","OR","CHEM 14BL","CHEM 20A"
"PHYSICS 18L","AND","PHYSICS 4AL",""
"EPIDEM 233","OR","EPIDEM 100","EPIDEM 200A"
"PSYCH 120A","AND","PSYCH 10",""
"KOREA 101B","AND","KOREA 101A",""
"MUSC 20B","AND","MUSC 20A",""
"POL SCI M105","OR","POL SCI 40","POL SCI 50"
"EL ENGR 123B","AND","EL ENGR 123A",""
"SOC GEN 188SB","AND","HNRS 101E",""
"ETHNMUS M6B","AND","ETHNMUS M6A",""
"MUSC C158","AND","MUSC 74C",""
"ECON 103L","AND","ECON 103",""
"PHYSICS 18L","AND","PHYSICS 1B",""
"CHEM 110A","OR","PHYSICS 1CH","PHYSICS 6A"
"COMM ST 188SB","AND","HNRS 101E",""
"CHEM 153A","OR","CHEM 14D","CHEM 30B"
"ANTHRO 172B","AND","ANTHRO 172A",""
"MUSC 110B","AND","MUSC 20A",""
"LIFESCI 2","OR","CHEM 14A","CHEM 20A"
"POL SCI 149","AND","POL SCI 40",""
"C&EE M135C","OR","MECH&AE 156A","MECH&AE 166A"
"ENGL 170C","AND","ENGL 10A",""
"CAEM M250","AND","Conservation of Archaeological and Ethnographic Materials 264",""
"CHEM 110A","OR","MATH 32A","MATH 3C"
"CHEM 153L","OR","LIFESCI 23L","CHEM 20L"
"DANCE C122","AND","DANCE 67A",""
"CHEM 14D","AND","CHEM 14C",""
"EE BIOL C126","AND","Ecology and Evolutionary Biology 100",""
"ECON 106V","AND","ECON 102",""
"ENVIRON M134","OR","ECON 41","STATS 12"
"BIOINFO M260B","OR","C&EE 110","EL ENGR 131A"
"MUSC C167","OR","MUSC 164BW","MUSC 164BS"
"CHEM 153L","AND","CHEM 14BL",""
"PHYSCI 138","AND","CHEM 153A",""
"MECH&AE 103","AND","PHYSICS 1B",""
"FILM TV 410E","AND","FILM TV 410D",""
"FILM TV 186B","AND","FILM TV 186A",""
"FILIPNO 5","AND","FILIPNO 4",""
"ENV HLT 202","AND","ENV HLT 410B",""
"EPS SCI 103A","AND","CHEM 14BL",""
"JAPAN 100B","AND","JAPAN 100A",""
"EE BIOL C242","OR","MATH 32A","LIFESCI 30B"
"CHICANO M105B","OR","ENGCOMP 3","English as A Second Language 36"
"CHEM 153D","AND","LIFESCI 3",""
"ECON 191","AND","ECON 102",""
"ECON 103","OR","ECON 41","STATS 100A"
"COM SCI CM122","OR","BIOSTAT 100A","BIOSTAT 110A"
"MUSC M201","AND","MUSCLG 200A",""
"ECON M134","OR","STATS 12","STATS 13"
"NURSING 115","AND","NURSING 54B",""
"PHYSCI C252","AND","PHYSCI 111A",""
"ETHNMUS 71CW","AND","ETHNMUS 71CF",""
"HEBREW 188FL","AND","HEBREW 102C",""
"PSYCH 121","AND","PSYCH 100A",""
"PSYCH 133A","AND","PSYCH 100A",""
"FILIPNO 2","AND","FILIPNO 1",""
"GEOG M171","OR","STATS 10","STATS 11"
"LING 103","AND","LING 20",""
"CHEM 184","AND","CHEM 110A",""
"MIMG CM156","AND","LIFESCI 3",""
"THAI 5","AND","THAI 4",""
"MECH&AE 102","AND","MATH 33A",""
"CHIN 5","AND","CHIN 4",""
"ENV HLT 261","AND","CHEM 20A",""
"LING 132","OR","LING 119A","LING 120A"
"POL SCI 141E","AND","POL SCI 30",""
"ENGL 127","AND","ENGL 10C",""
"PHILOS 153A","AND","PHILOS 22",""
"PHILOS 135","AND","PHILOS 31",""
"MATH 155","AND","MATH 115A",""
"EE BIOL C242","AND","Ecology and Evolutionary Biology 100",""
"CIVIC 188SB","AND","HNRS 101E",""
"ECON 111","AND","ECON 11",""
"RELIGN M60W","OR","ENGCOMP 3","English as A Second Language 36"
"AFRKAAN 40","OR","English as A Second Language 36","Satisfaction on Entry-Level Writing Requirement"
"SOC WLF 202B","AND","SOC WLF 201A",""
"EPIDEM 412","AND","EPIDEM 200B",""
"CHEM CM260B","OR","STATS 100A","C&EE 110"
"MATH 135","AND","MATH 33B",""
"SOCIOL 212B","AND","SOCIOL 212A",""
"MECH&AE 162D","OR","MECH&AE 162A","MECH&AE 171A"
"C&EE 108","AND","C&EE 101",""
"ENGCOMP 2","OR","ENGCOMP A","Demonstrated Proficiency on Analytical Writing Placement Exam"
"ECON 103","OR","STATS 100A","MATH 170A"
"CHEM C143A","AND","CHEM 30CL",""
"SOC WLF 229B","AND","SOC WLF 229A",""
"ENGL 138","OR","English as A Second Language 36","Satisfaction on Entry-Level Writing Requirement"
"ASIA AM M191F","OR","ENGCOMP 3","English as A Second Language 36"
"ENV HLT 261","AND","MATH 3A",""
"CH ENGR C212","AND","CHEM 30A",""
"ENGL M104B","OR","English as A Second Language 36","Satisfaction on Entry-Level Writing Requirement"
"EE BIOL 170","AND","CHEM 30BL",""
"EE BIOL 194B","OR","Ecology and Evolutionary Biology 198A","Ecology and Evolutionary Biology 198B"
"ENGL 164C","AND","ENGL 10B",""
"POL SCI 188SB","AND","HNRS 101E",""
"CHEM 14B","OR","MATH 3B","MATH 31B"
"WL ARTS C182","AND","WL ARTS 104",""
"COMM ST 112","OR","COMM ST 120","COMM ST 126"
"ENGCOMP 3","OR","ENGCOMP 2I","Satisfaction on Entry-Level Writing Requirement"
"MCD BIO 199B","AND","LIFESCI 3",""
"PHYSICS 87","AND","CHEM 20A",""
"HNRS 87W","AND","ENGCOMP 3",""
"EE BIOL 170","OR","MATH 3C","MATH 32A"
"EE BIOL C234","AND","LIFESCI 1",""
"PHYSICS 4BL","OR","PHYSICS 1B","PHYSICS 1BH"
"PHYSICS 1BH","AND","MATH 32B",""
"ETHNMUS 71BW","AND","ETHNMUS 71BF",""
"C&EE 156B","AND","CHEM 20B",""
"PSYCH 196A","OR","PSYCH 194B","PSYCH 194C"
"MOL TOX M242","AND","ENV HLT C240",""
"DESMA 154","OR","Design / Media Arts 101","Design / Media Arts 104"
"PHYSCI 167","AND","CHEM 30B",""
"MUSC 119B","AND","MUSC 20B",""
"GEOG 145","OR","GENDER 10","SOCIOL 1"
"PSYCH 131","AND","PSYCH 130",""
"PSYCH 134B","AND","PSYCH 133X",""
"ENGL 180","AND","ENGL 10A",""
"MATH 151A","AND","COMPTNG 10A",""
"DESMA 252B","AND","Design / Media Arts 252A",""
"PHYSICS 87","AND","PHYSICS 6A",""
"CHEM 14B","OR","MATH 31B","LIFESCI 30B"
"MIMG 101","AND","LIFESCI 4",""
"ECON 122","AND","ECON 102",""
"COMM ST 100","OR","LING 1","SOCIOL 1"
"ETHNMUS 171DW","AND","ETHNMUS 171DF",""
"PHYSICS 1BH","AND","MATH 31B",""
"PHILOS 22W","OR","ENGCOMP 3","English as A Second Language 36"
"PSYCH 135","AND","PSYCH 100A",""
"EDUC M182A","AND","EDUC M194A",""
"CHEM 153B","AND","LIFESCI 2",""
"NURSING 150B","AND","NURSING 150A",""
"PHYSICS 1BH","AND","MATH 32A",""
"CHEM C115B","AND","MATH 31A",""
"MC&IP M262B","AND","MC&IP M262A",""
"MCD BIO M175B","AND","LIFESCI 3",""
"EPIDEM 200B","AND","BIOSTAT 100B",""
"FILM TV C152C","AND","FILM TV 101A",""
"C&EE 108","AND","MATH 32B",""
"THEATER C104I","AND","THEATER 14A",""
"ART 137","AND","ART 11D",""
"PHYSCI 120","AND","PHYSCI 111A",""
"EPIDEM 188SB","AND","HNRS 101E",""
"ECON 11","AND","ECON 2",""
"PHYSCI 138","AND","PHYSCI 111B",""
"ETHNMUS 71AW","AND","ETHNMUS 71AF",""
"PSYCH M117B","AND","LIFESCI 4",""
"PHYSICS 87","AND","PHYSICS 1C",""
"GEOG 145","OR","ANTHRO 9","GENDER 10"
"MUSC 106B","AND","MUSC 106A",""
"MATH 32B","AND","MATH 31B",""
"ENGL 120","AND","ENGL 10B",""
"NURSING 216A","AND","NURSING 224",""
"MAT SCI 111","AND","MAT SCI 104",""
"NEUROSC M101B","AND","LIFESCI 4",""
"BIOENGR 180","AND","BIOENGR 110",""
"CHIN 101B","OR","CHIN 100C","CHIN 100I"
"LING M141","AND","LING 20",""
"PSYCH 126","AND","PSYCH 10",""
"CHEM C115B","AND","MATH 33A",""
"ETHNMUS 171BW","AND","ETHNMUS 171BF",""
